CustomerID,recency,frequency,monetary
12346.0,325,1,77183
12747.0,2,103,4196
12748.0,0,4596,33719
12749.0,3,199,4090
12820.0,3,59,942
12821.0,214,6,92
12822.0,70,46,948
12823.0,74,5,1759
12824.0,59,25,397
12826.0,2,91,1474
12827.0,5,25,430
12828.0,2,56,1018
12829.0,336,11,293
12830.0,37,38,6814
12831.0,262,9,215
12832.0,32,27,383
12833.0,145,24,417
12834.0,282,18,312
12836.0,59,175,2612
12837.0,173,12,134
12838.0,33,123,683
12839.0,2,314,5591
12840.0,143,113,2726
12841.0,4,420,4022
12842.0,70,34,1118
12843.0,65,103,1702
12844.0,29,52,325
12845.0,267,27,354
12847.0,22,91,871
12849.0,31,51,1050
12851.0,96,50,135
12852.0,294,17,311
12853.0,134,78,1957
12854.0,78,110,1324
12855.0,372,3,38
12856.0,7,314,2179
12857.0,210,46,1106
12863.0,52,5,521
12864.0,138,3,147
12867.0,26,538,4036
12868.0,185,107,1607
12871.0,84,11,380
12872.0,326,66,599
12873.0,282,4,374
12875.0,143,2,343
12877.0,3,154,1535
12878.0,236,47,854
12879.0,44,10,573
12881.0,275,7,298
12882.0,9,13,1463
12883.0,24,42,703
12884.0,88,7,309
12885.0,63,71,1175
12886.0,67,82,1378
12888.0,214,5,354
12890.0,24,82,380
12891.0,185,3,331
12893.0,30,34,188
12895.0,42,22,372
12897.0,204,4,216
12901.0,8,116,17654
12902.0,264,10,138
12904.0,18,72,509
12906.0,11,63,2919
12908.0,176,2,750
12909.0,39,91,2178
12910.0,23,75,3075
12912.0,2,24,1662
12913.0,4,50,2483
12915.0,148,22,363
12916.0,138,107,3006
12917.0,128,2,594
12919.0,8,50,1335
12920.0,17,28,164
12921.0,9,720,16587
12922.0,161,28,405
12923.0,64,29,176
12924.0,88,30,933
12925.0,4,45,694
12928.0,35,84,2062
12929.0,311,8,117
12930.0,78,25,415
12931.0,21,82,42055
12933.0,24,106,607
12935.0,2,129,2160
12936.0,17,62,1063
12937.0,15,120,1504
12938.0,25,9,114
12939.0,64,47,11581
12940.0,54,99,913
12942.0,131,75,683
12944.0,35,30,604
12945.0,288,23,462
12947.0,143,97,1603
12948.0,16,116,2064
12949.0,30,215,4167
12950.0,2,23,1843
12951.0,8,63,1064
12952.0,5,79,1387
12953.0,9,17,329
12955.0,1,180,4757
12956.0,306,19,108
12957.0,9,238,4017
12962.0,7,16,266
12963.0,8,95,1856
12965.0,89,109,771
12966.0,9,10,160
12967.0,358,19,1660
12968.0,112,5,135
12970.0,7,151,452
12971.0,3,305,11189
12974.0,197,8,144
12976.0,211,22,738
12977.0,156,9,39
12980.0,157,20,7374
12981.0,29,20,372
12982.0,242,28,390
12984.0,18,4,97
12985.0,0,76,1239
12987.0,73,28,558
12988.0,292,92,535
12989.0,3,64,6924
12990.0,31,13,409
12991.0,23,31,503
12993.0,23,27,414
12994.0,4,61,974
12995.0,85,3,211
12997.0,22,59,1226
12999.0,196,28,455
13000.0,106,31,534
13001.0,4,339,9818
13002.0,318,7,120
13003.0,105,6,149
13004.0,11,404,5655
13005.0,173,26,513
13006.0,56,4,81
13008.0,323,14,229
13011.0,372,3,50
13012.0,9,89,1661
13013.0,1,219,4810
13014.0,10,110,3466
13015.0,53,176,3346
13016.0,73,47,789
13017.0,7,1,204
13018.0,16,458,7277
13021.0,4,131,2616
13023.0,64,40,689
13026.0,1,40,975
13027.0,113,26,6912
13028.0,22,45,661
13029.0,30,10,1247
13030.0,11,99,799
13032.0,52,71,1010
13033.0,357,11,190
13034.0,54,37,642
13035.0,73,27,921
13037.0,138,48,881
13038.0,80,28,908
13040.0,8,43,676
13043.0,273,13,516
13044.0,291,33,560
13045.0,99,18,305
13046.0,30,35,629
13047.0,31,172,3237
13048.0,14,136,1835
13049.0,64,14,656
13050.0,14,403,5836
13052.0,212,18,348
13055.0,78,76,1214
13058.0,24,8,271
13059.0,249,8,183
13060.0,253,15,307
13061.0,72,10,248
13062.0,191,11,346
13064.0,12,69,1119
13065.0,373,14,205
13066.0,24,48,470
13067.0,82,15,115
13068.0,10,2,344
13069.0,0,425,4436
13070.0,192,9,228
13072.0,266,7,177
13075.0,129,22,919
13077.0,1,112,729
13078.0,3,358,12627
13079.0,4,6,220
13080.0,179,6,58
13081.0,11,1028,28337
13082.0,126,73,3613
13083.0,4,18,303
13085.0,157,22,416
13089.0,2,1818,58825
13090.0,8,155,8910
13091.0,28,21,345
13092.0,70,25,477
13093.0,275,159,7832
13094.0,21,24,1927
13095.0,70,6,74
13097.0,32,423,6010
13098.0,1,572,28882
13099.0,99,1,207
13101.0,234,8,101
13102.0,1,304,6424
13103.0,39,8,243
13104.0,3,20,1098
13106.0,133,1,76
13107.0,44,58,1531
13108.0,372,10,350
13109.0,59,47,786
13110.0,31,145,1488
13113.0,0,201,12245
13115.0,11,120,2294
13116.0,138,30,501
13117.0,21,76,984
13118.0,19,79,1197
13120.0,238,1,30
13121.0,269,50,283
13122.0,94,55,922
13124.0,89,235,3866
13126.0,4,140,2099
13127.0,77,15,259
13130.0,94,2,64
13131.0,23,44,1073
13132.0,261,3,77
13133.0,273,7,109
13134.0,85,98,1793
13135.0,196,1,3096
13136.0,56,127,2607
13137.0,10,704,3650
13138.0,22,63,962
13139.0,16,170,5064
13140.0,108,46,423
13141.0,84,135,2388
13142.0,19,23,307
13144.0,332,3,110
13145.0,39,6,618
13146.0,26,17,228
13147.0,10,4,712
13148.0,29,319,3707
13149.0,14,86,1676
13151.0,295,74,1257
13153.0,5,15,486
13155.0,33,85,971
13157.0,49,87,1741
13158.0,94,79,1201
13159.0,8,121,1437
13160.0,22,4,91
13161.0,313,8,112
13162.0,122,79,1688
13165.0,46,42,1021
13166.0,283,41,417
13167.0,18,65,791
13168.0,36,131,1319
13169.0,63,13,712
13170.0,26,32,116
13171.0,21,46,468
13173.0,4,43,353
13174.0,16,314,2817
13176.0,46,72,492
13177.0,64,17,282
13178.0,26,265,5725
13182.0,45,11,121
13183.0,7,94,3957
13184.0,14,181,1701
13185.0,267,1,71
13186.0,39,79,1575
13187.0,337,37,236
13188.0,11,2,114
13189.0,18,29,260
13192.0,95,63,911
13193.0,61,29,117
13194.0,135,3,60
13196.0,11,110,1797
13198.0,10,226,3401
13199.0,3,119,9817
13200.0,19,46,870
13203.0,9,57,869
13207.0,15,8,250
13208.0,58,149,1223
13209.0,30,321,5891
13210.0,93,22,353
13211.0,10,56,1197
13212.0,19,142,788
13213.0,56,90,1520
13216.0,267,5,333
13217.0,122,4,533
13218.0,127,5,62
13220.0,78,21,819
13221.0,240,66,847
13223.0,200,5,163
13224.0,60,108,2155
13225.0,3,32,6463
13226.0,273,16,108
13227.0,201,9,257
13228.0,81,2,358
13229.0,225,10,160
13230.0,4,611,2806
13232.0,12,207,1357
13233.0,74,43,605
13235.0,212,58,1031
13236.0,24,36,744
13238.0,17,31,700
13239.0,261,22,329
13240.0,96,67,663
13242.0,112,13,270
13243.0,203,58,600
13244.0,92,27,121
13245.0,50,16,430
13246.0,18,141,1987
13247.0,17,25,501
13248.0,124,26,465
13249.0,92,23,711
13253.0,156,36,1030
13255.0,9,13,399
13256.0,14,1,0
13258.0,11,38,698
13259.0,61,87,292
13260.0,61,8,557
13261.0,268,9,944
13262.0,263,11,200
13263.0,1,1677,7454
13265.0,53,91,2107
13266.0,11,187,3834
13267.0,2,211,4521
13268.0,17,440,3214
13269.0,1,316,5346
13270.0,366,1,590
13271.0,37,96,217
13272.0,31,15,276
13273.0,113,16,138
13276.0,63,30,590
13277.0,15,8,258
13278.0,40,46,542
13279.0,78,9,137
13280.0,122,85,814
13282.0,18,37,1132
13283.0,59,7,93
13284.0,330,13,201
13285.0,23,187,2709
13291.0,155,42,361
13292.0,38,31,578
13294.0,189,54,873
13295.0,359,10,201
13296.0,137,5,87
13297.0,7,59,2089
13298.0,1,2,360
13299.0,268,5,142
13300.0,169,20,371
13301.0,103,81,618
13302.0,155,1,63
13304.0,351,21,300
13305.0,4,81,2000
13307.0,120,1,15
13308.0,22,54,1385
13309.0,7,107,1456
13310.0,28,72,1132
13311.0,4,26,598
13313.0,22,78,1555
13314.0,1,62,775
13316.0,37,87,5977
13317.0,66,124,2273
13318.0,1,20,640
13319.0,5,476,10845
13320.0,78,106,1548
13321.0,72,11,567
13322.0,17,25,199
13323.0,3,21,787
13324.0,36,75,7121
13325.0,81,12,675
13327.0,38,108,3627
13328.0,316,17,1308
13329.0,31,17,789
13330.0,92,53,1140
13332.0,14,21,350
13334.0,82,268,3536
13336.0,77,51,795
13338.0,157,19,487
13339.0,200,54,860
13340.0,45,134,10736
13341.0,260,42,775
13343.0,177,19,353
13344.0,67,119,2543
13345.0,287,20,389
13347.0,70,8,341
13348.0,64,14,233
13349.0,10,16,247
13350.0,16,40,979
13351.0,66,16,373
13352.0,60,24,397
13354.0,71,51,743
13355.0,122,32,674
13356.0,80,42,768
13357.0,257,90,609
13358.0,268,29,439
13359.0,63,23,439
13362.0,9,166,3090
13363.0,17,60,992
13364.0,71,10,134
13365.0,33,128,2225
13366.0,50,1,56
13368.0,256,29,623
13369.0,365,14,308
13370.0,371,39,754
13372.0,89,23,378
13373.0,60,158,3312
13375.0,88,37,778
13376.0,99,53,1019
13379.0,26,97,572
13381.0,31,172,3639
13382.0,280,15,222
13384.0,30,152,4151
13385.0,329,35,534
13388.0,131,35,677
13389.0,11,51,797
13390.0,74,13,544
13391.0,203,1,59
13394.0,1,155,2520
13395.0,185,21,307
13396.0,29,43,1360
13397.0,72,38,1544
13398.0,192,26,457
13402.0,127,39,621
13403.0,17,3,75
13404.0,1,11,252
13405.0,74,27,572
13408.0,1,478,28117
13410.0,24,28,1003
13411.0,107,18,213
13414.0,133,24,1390
13416.0,43,19,712
13417.0,4,28,640
13418.0,11,304,6127
13419.0,63,16,221
13420.0,149,8,159
13421.0,40,104,1851
13422.0,64,127,2626
13425.0,108,78,1624
13426.0,0,157,3641
13427.0,19,29,582
13428.0,10,74,218
13429.0,10,67,1006
13430.0,18,49,679
13431.0,67,46,1269
13434.0,74,10,534
13435.0,5,101,3809
13436.0,1,12,196
13437.0,14,167,3408
13439.0,255,54,283
13441.0,91,13,296
13447.0,23,59,1129
13448.0,16,195,3539
13449.0,23,19,291
13450.0,26,71,2043
13451.0,26,443,2976
13452.0,259,2,590
13453.0,165,17,356
13455.0,24,46,1058
13456.0,17,63,1766
13458.0,7,382,9646
13460.0,29,17,183
13461.0,38,27,1445
13462.0,252,9,151
13464.0,58,41,674
13466.0,184,17,307
13467.0,10,99,1083
13468.0,1,302,5704
13470.0,99,10,165
13471.0,1,260,2531
13473.0,60,21,422
13474.0,236,64,229
13475.0,191,86,1431
13476.0,178,58,1238
13477.0,37,79,1454
13479.0,200,15,300
13481.0,45,109,1804
13482.0,232,11,184
13483.0,65,10,140
13484.0,241,8,313
13485.0,233,23,454
13486.0,78,69,1122
13487.0,57,34,575
13488.0,17,422,8968
13489.0,105,14,449
13491.0,51,86,1215
13494.0,311,18,316
13495.0,7,48,2044
13496.0,10,35,653
13497.0,282,19,348
13499.0,17,42,1159
13500.0,23,65,1166
13502.0,16,18,291
13503.0,71,17,216
13504.0,64,22,295
13506.0,316,26,458
13507.0,3,162,2479
13508.0,243,12,110
13509.0,8,44,979
13510.0,1,115,1791
13512.0,260,15,251
13513.0,126,10,205
13514.0,73,4,152
13515.0,72,59,891
13516.0,21,44,1389
13517.0,59,141,2128
13518.0,85,38,659
13519.0,78,8,122
13521.0,1,436,1093
13522.0,30,5,125
13523.0,33,172,3964
13524.0,40,27,680
13525.0,14,6,628
13527.0,33,223,2287
13529.0,78,15,307
13531.0,205,22,483
13532.0,33,66,210
13533.0,182,76,270
13534.0,2,296,5870
13536.0,1,179,3448
13538.0,43,25,1280
13539.0,85,37,631
13544.0,39,87,291
13546.0,12,98,626
13548.0,96,124,682
13549.0,25,51,918
13551.0,319,4,91
13552.0,66,109,3740
13555.0,73,136,4149
13557.0,28,34,584
13558.0,5,175,605
13560.0,7,33,174
13561.0,215,14,141
13562.0,81,82,1799
13563.0,84,49,777
13564.0,144,83,1749
13565.0,19,38,240
13566.0,40,176,874
13568.0,173,44,192
13569.0,17,85,373
13570.0,243,27,239
13571.0,12,341,2092
13572.0,205,33,1384
13573.0,50,26,294
13575.0,23,46,732
13576.0,10,126,6717
13577.0,25,83,1687
13579.0,14,23,467
13581.0,309,10,118
13583.0,155,53,781
13584.0,306,24,142
13587.0,63,8,712
13588.0,15,174,2478
13589.0,14,21,379
13590.0,11,87,1981
13591.0,64,58,1117
13592.0,35,16,247
13593.0,108,128,2037
13594.0,52,26,396
13596.0,5,166,697
13598.0,47,40,180
13599.0,1,247,5153
13600.0,312,19,219
13601.0,45,99,693
13602.0,64,23,428
13603.0,26,27,164
13606.0,29,43,280
13607.0,40,98,678
13610.0,12,226,1131
13611.0,89,74,1171
13614.0,24,201,1610
13615.0,318,23,417
13617.0,40,44,544
13618.0,173,13,177
13621.0,116,19,213
13623.0,30,81,747
13626.0,252,19,257
13627.0,59,92,1638
13629.0,23,59,7792
13630.0,5,71,2031
13631.0,99,11,3070
13632.0,24,146,2121
13634.0,33,188,1575
13635.0,67,62,1071
13636.0,36,63,949
13637.0,52,101,810
13638.0,15,8,122
13639.0,74,40,1033
13642.0,215,66,354
13643.0,31,28,519
13644.0,16,146,2624
13645.0,120,5,252
13647.0,9,79,1678
13649.0,256,23,346
13650.0,16,96,1836
13651.0,35,6,94
13652.0,45,63,1095
13654.0,43,166,2707
13655.0,114,56,932
13656.0,164,49,379
13657.0,10,16,382
13658.0,9,108,2639
13659.0,205,104,1573
13662.0,85,53,897
13663.0,179,13,189
13666.0,60,12,84
13667.0,149,87,305
13668.0,2,470,6363
13669.0,50,9,218
13670.0,75,25,349
13672.0,301,6,186
13673.0,18,65,396
13675.0,151,25,486
13678.0,151,16,232
13680.0,1,195,3722
13681.0,17,57,827
13682.0,187,3,59
13684.0,285,30,67
13685.0,2,39,3119
13686.0,182,8,72
13689.0,63,6,910
13690.0,59,9,172
13692.0,24,53,1488
13694.0,3,568,65039
13695.0,31,90,2504
13697.0,38,12,151
13699.0,155,14,308
13700.0,26,197,2265
13703.0,318,1,99
13704.0,5,134,2308
13705.0,7,28,711
13706.0,302,20,330
13707.0,267,48,806
13708.0,271,51,296
13709.0,3,336,6328
13710.0,31,8,180
13711.0,218,13,252
13712.0,246,10,228
13715.0,281,105,1079
13716.0,269,21,138
13717.0,32,102,1445
13718.0,246,12,306
13719.0,15,60,1041
13720.0,116,43,799
13721.0,36,28,524
13722.0,131,85,2375
13723.0,217,6,199
13725.0,49,104,1980
13726.0,38,42,1079
13727.0,28,20,333
13728.0,36,63,1016
13730.0,135,43,752
13731.0,219,38,610
13732.0,28,33,491
13735.0,24,196,2885
13736.0,5,191,731
13737.0,200,30,339
13739.0,18,3,216
13740.0,240,23,350
13741.0,71,34,668
13742.0,16,321,3131
13743.0,2,41,1341
13744.0,95,72,1156
13745.0,162,25,300
13747.0,373,1,79
13748.0,95,28,948
13750.0,53,24,1647
13751.0,288,9,296
13752.0,124,76,1186
13753.0,287,35,741
13754.0,151,12,282
13755.0,3,342,2161
13756.0,2,142,5189
13758.0,11,117,3190
13759.0,33,25,659
13760.0,54,57,286
13761.0,50,70,1070
13762.0,218,7,306
13763.0,63,15,1714
13764.0,70,208,1521
13767.0,2,368,17220
13769.0,2,135,2796
13771.0,64,119,2634
13772.0,33,177,1132
13774.0,81,22,345
13777.0,0,197,25977
13778.0,103,9,178
13780.0,7,57,360
13781.0,250,17,127
13782.0,12,115,912
13784.0,9,31,2462
13786.0,367,7,230
13787.0,75,31,309
13790.0,4,45,348
13791.0,127,11,1516
13792.0,66,13,195
13798.0,1,349,37153
13799.0,116,39,688
13800.0,309,33,558
13801.0,66,23,324
13802.0,138,60,4599
13803.0,255,17,277
13804.0,30,137,2635
13805.0,52,13,924
13806.0,63,10,256
13807.0,367,7,112
13808.0,5,76,1747
13819.0,301,36,1140
13821.0,144,59,385
13822.0,5,96,632
13823.0,18,40,957
13824.0,32,46,1698
13826.0,176,10,189
13827.0,57,93,412
13828.0,22,15,209
13831.0,16,74,2202
13832.0,19,3,52
13833.0,159,29,384
13835.0,25,55,834
13837.0,211,19,271
13838.0,5,174,691
13841.0,252,1,85
13842.0,58,206,3385
13844.0,11,20,361
13845.0,64,9,312
13846.0,24,55,865
13848.0,92,5,1255
13849.0,51,101,1537
13850.0,129,93,1595
13851.0,95,81,2651
13853.0,57,23,1090
13854.0,8,110,8109
13856.0,168,14,388
13858.0,57,11,216
13859.0,326,28,201
13860.0,1,76,1245
13862.0,18,139,2209
13863.0,247,20,305
13865.0,58,30,501
13866.0,74,7,145
13867.0,31,61,1015
13868.0,7,33,3192
13869.0,123,307,3104
13870.0,2,115,2770
13871.0,22,336,6403
13873.0,119,23,389
13874.0,358,18,540
13875.0,53,104,1786
13876.0,63,7,122
13877.0,86,3,117
13878.0,54,36,1281
13880.0,21,165,3219
13881.0,3,178,17159
13882.0,2,65,1191
13883.0,10,142,2674
13884.0,7,59,787
13885.0,189,28,506
13886.0,71,16,243
13887.0,204,19,349
13888.0,119,40,605
13889.0,92,15,416
13890.0,1,110,1883
13892.0,26,27,632
13893.0,297,21,821
13894.0,23,27,564
13895.0,28,118,2593
13897.0,50,17,311
13898.0,325,12,155
13899.0,16,19,388
13900.0,183,43,740
13901.0,72,149,2867
13904.0,37,26,332
13908.0,79,122,2369
13911.0,57,148,2580
13914.0,11,33,626
13917.0,49,18,272
13918.0,49,30,1212
13922.0,351,7,172
13923.0,53,20,351
13924.0,1,117,1838
13925.0,92,41,678
13926.0,23,11,223
13927.0,74,21,348
13928.0,10,27,464
13929.0,169,9,842
13930.0,57,17,337
13931.0,95,58,1237
13932.0,294,16,307
13933.0,109,23,608
13934.0,263,31,922
13936.0,179,26,376
13937.0,169,9,158
13938.0,35,7,71
13939.0,23,45,568
13940.0,17,49,839
13941.0,21,45,5112
13946.0,79,11,561
13947.0,65,5,90
13948.0,360,3,101
13949.0,2,160,2427
13950.0,11,35,745
13951.0,176,39,674
13952.0,217,137,3251
13953.0,7,20,3515
13954.0,1,25,439
13955.0,154,33,322
13956.0,5,152,1026
13959.0,79,92,598
13960.0,21,12,230
13962.0,21,11,169
13963.0,308,35,664
13967.0,145,2,80
13969.0,7,626,9053
13971.0,18,149,2758
13972.0,70,15,190
13973.0,287,11,264
13974.0,49,28,413
13975.0,31,338,2526
13976.0,206,10,357
13978.0,14,15,196
13979.0,73,54,869
13980.0,60,11,200
13982.0,39,111,1871
13983.0,29,107,2603
13984.0,26,16,920
13985.0,4,351,7060
13986.0,17,13,320
13988.0,19,234,4147
13989.0,65,41,1266
13990.0,213,16,311
13991.0,12,84,855
13992.0,30,5,76
13993.0,42,121,3466
13994.0,3,155,2313
13995.0,15,86,1393
13999.0,10,208,3901
14000.0,211,15,635
14001.0,45,39,2043
14002.0,134,47,529
14004.0,43,171,4582
14005.0,9,84,2874
14006.0,115,30,962
14009.0,198,42,695
14012.0,277,11,328
14013.0,110,34,473
14014.0,77,39,505
14015.0,52,20,917
14019.0,46,66,1421
14020.0,16,39,642
14021.0,155,22,631
14022.0,225,28,440
14023.0,7,31,584
14024.0,121,16,327
14027.0,60,6,104
14029.0,63,15,467
14030.0,18,243,2360
14031.0,7,250,17286
14032.0,2,143,2975
14034.0,22,89,651
14035.0,28,66,1428
14036.0,284,38,626
14037.0,176,28,147
14038.0,78,92,1560
14039.0,33,6,152
14040.0,40,235,3614
14041.0,266,21,141
14044.0,26,209,652
14045.0,109,6,1659
14046.0,284,14,154
14047.0,8,32,1308
14048.0,305,85,409
14049.0,16,488,5681
14050.0,31,54,746
14051.0,0,210,15610
14052.0,19,56,225
14053.0,124,4,260
14054.0,65,6,92
14055.0,106,10,725
14056.0,1,1106,8214
14057.0,23,284,6217
14059.0,266,8,183
14060.0,4,202,6140
14062.0,9,111,10464
14064.0,29,80,1353
14066.0,266,7,152
14067.0,63,52,374
14068.0,320,24,265
14071.0,3,324,1438
14073.0,32,13,151
14075.0,4,43,942
14076.0,129,46,122
14077.0,40,42,499
14078.0,101,65,1049
14079.0,124,12,375
14080.0,32,4,45
14081.0,302,153,934
14082.0,364,29,182
14083.0,4,181,1018
14085.0,2,450,4448
14087.0,2,69,194
14088.0,10,589,50491
14089.0,56,14,161
14090.0,324,1,76
14092.0,7,214,4076
14093.0,12,105,442
14096.0,4,5111,65164
14098.0,36,21,147
14099.0,16,250,3104
14100.0,137,26,194
14101.0,73,35,5976
14102.0,5,79,1360
14104.0,154,21,216
14105.0,239,74,1266
14107.0,51,123,2703
14108.0,30,34,597
14109.0,72,9,144
14110.0,3,156,5683
14111.0,14,10,692
14112.0,22,160,2915
14113.0,3,34,1840
14114.0,273,15,386
14116.0,19,72,1382
14117.0,143,3,90
14121.0,3,159,2780
14124.0,84,5,419
14125.0,10,167,2740
14126.0,7,15,706
14127.0,122,44,709
14128.0,60,46,637
14129.0,1,52,1123
14130.0,319,67,483
14132.0,2,200,3586
14133.0,129,28,605
14135.0,1,134,4690
14138.0,1,47,982
14139.0,46,26,415
14140.0,3,66,935
14141.0,2,40,915
14142.0,373,22,311
14143.0,133,7,115
14145.0,46,11,3742
14146.0,8,210,4191
14147.0,78,5,483
14148.0,233,3,157
14149.0,220,28,446
14150.0,35,26,658
14152.0,75,49,621
14154.0,239,52,1345
14155.0,266,6,118
14157.0,19,48,432
14158.0,40,41,507
14159.0,19,1204,4693
14161.0,215,108,1110
14162.0,173,25,289
14163.0,87,52,2445
14164.0,70,29,1631
14165.0,275,25,122
14167.0,39,52,574
14171.0,98,58,363
14173.0,10,29,450
14174.0,33,26,134
14175.0,59,149,3222
14176.0,297,31,576
14177.0,86,42,559
14178.0,8,327,1620
14179.0,40,165,719
14180.0,10,240,4748
14184.0,66,24,452
14185.0,331,3,197
14188.0,30,65,2054
14189.0,2,265,4654
14191.0,1,259,4684
14193.0,67,42,853
14194.0,4,579,11349
14195.0,201,7,1011
14196.0,106,6,335
14198.0,18,39,701
14199.0,218,2,185
14201.0,60,37,747
14204.0,2,44,161
14205.0,16,24,466
14206.0,239,20,328
14208.0,94,10,151
14209.0,10,87,2073
14210.0,105,102,1905
14211.0,53,112,2241
14212.0,89,9,1070
14214.0,30,67,1004
14215.0,11,108,1789
14216.0,3,59,1839
14217.0,1,100,2004
14218.0,42,12,169
14219.0,4,7,89
14220.0,247,21,632
14221.0,42,193,3432
14222.0,177,41,683
14223.0,92,60,991
14224.0,110,118,1050
14226.0,28,67,2232
14227.0,26,175,3350
14229.0,51,40,1547
14231.0,183,50,925
14232.0,42,115,2048
14233.0,49,35,1462
14234.0,22,159,775
14235.0,75,79,3144
14236.0,80,15,490
14237.0,373,9,161
14238.0,326,8,146
14239.0,43,112,2380
14240.0,30,42,890
14241.0,183,10,213
14242.0,234,16,280
14243.0,8,141,2588
14245.0,219,108,1693
14246.0,110,75,1474
14247.0,278,20,136
14248.0,318,8,302
14250.0,7,111,1904
14251.0,1,78,2879
14256.0,260,53,969
14257.0,64,106,3099
14258.0,9,111,12669
14259.0,141,5,120
14261.0,50,52,1163
14262.0,8,143,2618
14264.0,154,17,333
14267.0,162,55,1516
14270.0,331,29,492
14271.0,225,10,112
14272.0,73,33,437
14273.0,51,29,559
14276.0,98,64,1119
14280.0,196,8,134
14282.0,3,156,3729
14284.0,30,32,595
14285.0,21,27,1910
14286.0,23,280,4628
14287.0,8,9,176
14288.0,213,16,426
14289.0,8,47,911
14290.0,11,101,2314
14291.0,1,237,3883
14292.0,7,100,4871
14293.0,3,61,1046
14295.0,40,5,166
14297.0,17,62,1305
14298.0,8,1637,51527
14299.0,8,143,3965
14300.0,18,3,43
14301.0,117,13,640
14304.0,222,17,383
14305.0,71,105,1858
14306.0,51,33,2093
14307.0,88,180,2995
14309.0,8,117,2352
14311.0,242,20,310
14312.0,46,87,1611
14314.0,106,8,120
14315.0,44,101,2481
14317.0,64,24,508
14320.0,206,31,477
14321.0,10,123,1530
14323.0,114,36,605
14326.0,242,8,183
14327.0,163,12,311
14329.0,17,259,5014
14331.0,124,28,462
14332.0,22,26,866
14333.0,67,15,415
14334.0,16,162,2552
14336.0,16,90,1614
14338.0,161,31,588
14339.0,242,14,309
14340.0,218,6,134
14341.0,45,129,2182
14342.0,21,21,668
14344.0,127,71,889
14345.0,38,6,108
14346.0,120,60,1021
14348.0,260,18,409
14349.0,10,31,133
14350.0,274,18,282
14351.0,164,1,51
14352.0,157,47,1078
14353.0,215,6,90
14354.0,5,9,163
14355.0,365,11,174
14356.0,79,33,701
14357.0,43,41,225
14359.0,19,55,912
14360.0,31,118,2128
14362.0,22,41,161
14364.0,108,69,3717
14367.0,8,524,9261
14368.0,319,8,155
14371.0,295,4,100
14373.0,358,4,76
14375.0,185,75,257
14377.0,191,11,617
14379.0,44,46,348
14381.0,52,56,202
14382.0,26,131,626
14383.0,38,59,1247
14385.0,9,14,202
14386.0,296,7,142
14387.0,32,140,1770
14388.0,10,186,3212
14389.0,65,45,1043
14390.0,10,286,4652
14393.0,218,5,67
14395.0,2,350,3507
14396.0,65,73,487
14397.0,2,87,2612
14400.0,149,25,574
14401.0,4,182,4051
14403.0,130,20,1475
14404.0,33,103,1474
14406.0,119,8,156
14407.0,107,73,2157
14408.0,10,107,2606
14409.0,71,54,2059
14410.0,92,194,1105
14411.0,310,14,1063
14412.0,42,43,770
14413.0,362,23,122
14414.0,91,97,1496
14415.0,1,590,5900
14416.0,22,14,490
14418.0,3,124,1937
14419.0,10,206,1058
14420.0,99,29,387
14421.0,57,27,813
14422.0,0,222,4263
14423.0,218,3,265
14424.0,17,1,322
14426.0,23,224,4481
14427.0,50,17,363
14428.0,7,144,1244
14431.0,302,17,470
14432.0,9,382,2255
14434.0,21,12,1372
14436.0,98,9,89
14437.0,365,5,63
14438.0,306,9,131
14440.0,8,55,2357
14441.0,0,51,1712
14443.0,53,93,1420
14446.0,0,293,1039
14447.0,18,70,1163
14448.0,9,20,375
14449.0,18,258,907
14450.0,180,40,483
14451.0,60,109,662
14452.0,10,62,264
14453.0,190,22,119
14456.0,5,970,3062
14457.0,310,4,113
14459.0,155,37,1837
14460.0,110,16,434
14461.0,148,180,2103
14462.0,66,240,2004
14463.0,98,6,529
14465.0,246,130,1058
14466.0,29,72,2272
14467.0,17,90,598
14470.0,11,43,461
14472.0,103,281,1936
14473.0,74,7,234
14474.0,46,29,547
14475.0,71,42,925
14476.0,257,19,215
14477.0,19,10,1309
14479.0,253,18,316
14480.0,11,13,279
14481.0,164,30,636
14482.0,18,144,2068
14483.0,281,9,137
14484.0,50,14,321
14485.0,38,47,165
14487.0,26,144,1196
14488.0,67,46,1064
14489.0,207,30,463
14491.0,175,17,340
14493.0,7,120,2383
14494.0,25,7,139
14495.0,50,6,123
14496.0,311,19,538
14497.0,309,29,475
14498.0,42,193,1957
14499.0,26,194,815
14500.0,88,7,356
14501.0,183,10,251
14502.0,19,624,2470
14503.0,3,164,3543
14504.0,47,107,673
14505.0,17,799,5905
14506.0,17,316,2012
14507.0,23,96,1383
14508.0,22,57,276
14511.0,11,68,1314
14512.0,187,23,275
14513.0,100,12,455
14514.0,61,73,1055
14515.0,17,101,2102
14517.0,33,18,330
14518.0,64,16,174
14520.0,1,4,270
14522.0,24,17,974
14523.0,108,12,241
14524.0,31,203,1867
14525.0,19,291,4332
14527.0,2,972,8508
14528.0,37,18,364
14529.0,60,229,620
14530.0,25,216,2925
14532.0,236,64,932
14533.0,24,62,1949
14534.0,2,519,4447
14535.0,60,330,2864
14536.0,259,19,171
14537.0,57,10,355
14538.0,64,19,388
14539.0,15,32,537
14540.0,9,76,996
14541.0,58,111,1461
14542.0,185,5,103
14543.0,28,72,3630
14544.0,24,114,2024
14546.0,5,399,2578
14547.0,3,366,4007
14548.0,150,4,652
14549.0,311,56,289
14550.0,10,48,765
14551.0,18,10,186
14552.0,151,58,165
14553.0,19,113,859
14554.0,10,216,2381
14555.0,57,21,324
14557.0,85,16,788
14560.0,7,74,2237
14561.0,75,69,1080
14562.0,3,423,5074
14565.0,95,127,3099
14567.0,56,33,1530
14569.0,1,12,227
14570.0,280,29,218
14572.0,3,270,2832
14573.0,179,235,1653
14576.0,372,1,35
14577.0,12,123,859
14578.0,3,24,168
14581.0,16,17,138
14582.0,40,6,114
14583.0,5,330,1052
14584.0,169,100,1042
14585.0,50,29,157
14586.0,276,19,237
14587.0,18,383,1601
14589.0,371,3,39
14591.0,15,197,1447
14592.0,35,164,570
14593.0,21,152,617
14594.0,7,53,379
14595.0,19,102,1740
14597.0,11,55,883
14598.0,44,50,221
14600.0,305,25,393
14601.0,10,7,213
14603.0,274,2,660
14606.0,1,2700,12156
14607.0,15,86,16569
14608.0,4,20,1785
14609.0,72,4,601
14616.0,242,3,406
14618.0,9,16,553
14619.0,245,20,394
14620.0,205,26,412
14621.0,1,92,1788
14622.0,184,21,320
14623.0,32,134,889
14624.0,57,13,225
14625.0,196,53,899
14626.0,23,122,2791
14628.0,91,24,671
14629.0,4,152,959
14631.0,50,41,1006
14632.0,262,8,114
14633.0,266,20,344
14636.0,36,28,609
14638.0,50,16,443
14639.0,52,172,2984
14640.0,24,106,2125
14641.0,21,7,110
14642.0,58,2,96
14643.0,170,31,693
14644.0,67,26,830
14645.0,156,30,597
14647.0,201,30,243
14649.0,4,199,1417
14651.0,67,102,654
14652.0,77,29,114
14653.0,1,237,1947
14655.0,8,49,1932
14656.0,169,80,291
14657.0,17,126,848
14658.0,5,29,247
14659.0,8,253,2529
14660.0,86,30,285
14661.0,26,4,107
14662.0,28,168,771
14664.0,19,99,637
14665.0,60,90,1835
14666.0,24,14,195
14667.0,10,573,9241
14669.0,241,170,1269
14670.0,280,132,411
14672.0,234,61,765
14673.0,3,74,1736
14675.0,16,102,604
14676.0,31,42,2548
14680.0,25,258,28754
14681.0,71,7,498
14682.0,187,2,52
14684.0,25,421,1236
14687.0,106,15,628
14688.0,7,327,5630
14689.0,208,13,112
14690.0,44,50,371
14691.0,30,71,2114
14692.0,137,68,591
14693.0,264,8,172
14696.0,4,130,2078
14697.0,218,22,188
14698.0,1,210,1250
14699.0,214,8,109
14700.0,32,115,2235
14701.0,10,335,2549
14702.0,1,347,3292
14703.0,14,22,318
14704.0,11,415,1546
14705.0,198,1,179
14708.0,2,28,1126
14709.0,15,196,4921
14710.0,14,139,606
14711.0,10,357,2868
14712.0,29,25,917
14713.0,9,339,2666
14714.0,24,10,160
14715.0,24,71,867
14716.0,43,55,329
14719.0,1,237,1602
14720.0,5,37,663
14722.0,147,29,187
14723.0,10,278,1158
14725.0,24,52,718
14727.0,274,10,268
14729.0,373,71,313
14730.0,1,501,2005
14731.0,47,45,380
14732.0,8,147,2702
14733.0,16,202,9585
14735.0,3,194,6065
14737.0,3,17,1164
14738.0,42,54,1314
14739.0,4,60,3902
14740.0,197,89,1448
14741.0,11,59,1400
14744.0,16,26,1099
14745.0,112,69,1220
14747.0,249,18,328
14748.0,29,89,1415
14752.0,43,5,389
14753.0,87,30,563
14754.0,44,41,638
14755.0,9,235,5010
14756.0,15,38,738
14757.0,75,19,420
14758.0,144,71,1484
14759.0,4,102,1625
14760.0,297,5,89
14761.0,58,11,255
14762.0,263,21,300
14764.0,46,6,278
14765.0,29,39,254
14766.0,8,135,2473
14768.0,17,5,192
14769.0,2,1090,10674
14770.0,232,52,876
14772.0,112,9,139
14775.0,58,60,1011
14776.0,51,117,2538
14778.0,127,35,730
14779.0,280,41,386
14780.0,54,27,447
14782.0,319,6,200
14784.0,26,15,289
14785.0,10,3,77
14788.0,7,30,679
14789.0,28,6,197
14790.0,16,46,745
14792.0,63,2,6
14793.0,21,14,228
14794.0,2,80,1319
14795.0,166,6,131
14796.0,1,1141,8022
14798.0,52,12,173
14799.0,51,13,157
14800.0,47,385,4339
14801.0,61,59,193
14803.0,162,44,845
14804.0,8,12,353
14805.0,15,47,554
14806.0,75,11,193
14808.0,39,235,2741
14810.0,40,255,2087
14813.0,369,30,155
14815.0,36,53,778
14816.0,197,4,271
14817.0,200,63,1110
14818.0,73,48,657
14819.0,64,13,272
14820.0,21,29,507
14821.0,366,2,48
14823.0,180,70,321
14824.0,10,29,1127
14825.0,3,121,2226
14828.0,196,17,2139
14829.0,29,42,697
14830.0,53,40,197
14834.0,17,67,1720
14836.0,10,6,102
14837.0,89,108,1649
14840.0,267,4,62
14841.0,53,138,3295
14842.0,43,145,2824
14844.0,63,130,3189
14847.0,148,13,309
14849.0,21,388,7930
14850.0,311,21,325
14851.0,23,28,511
14852.0,58,143,2836
14853.0,24,9,475
14854.0,78,127,2759
14855.0,119,20,645
14856.0,36,66,1311
14857.0,59,60,1173
14859.0,12,58,1353
14860.0,19,11,170
14861.0,52,6,125
14862.0,25,48,841
14863.0,29,11,266
14865.0,7,4,52
14866.0,10,99,14389
14867.0,185,36,710
14868.0,3,144,2953
14869.0,8,71,725
14870.0,261,13,327
14871.0,3,98,522
14873.0,210,28,519
14875.0,107,47,1465
14878.0,12,124,1485
14880.0,77,47,706
14881.0,19,17,255
14882.0,26,11,589
14883.0,18,53,761
14885.0,131,15,765
14886.0,252,18,364
14887.0,79,6,1862
14888.0,207,20,369
14889.0,336,10,135
14890.0,253,7,125
14891.0,148,33,554
14893.0,9,73,1237
14894.0,85,23,655
14895.0,7,498,11138
14896.0,204,43,468
14897.0,7,55,1366
14898.0,23,116,1303
14901.0,11,96,1421
14902.0,25,20,332
14903.0,21,355,2810
14904.0,2,69,1025
14905.0,157,17,616
14907.0,3,165,3501
14908.0,74,9,277
14910.0,2,30,434
14913.0,35,87,1227
14915.0,91,12,307
14916.0,70,77,1268
14918.0,115,45,1610
14920.0,212,57,977
14921.0,30,78,1316
14923.0,50,44,749
14924.0,245,10,310
14929.0,32,11,223
14944.0,29,170,5900
14946.0,14,3,100
14947.0,72,14,290
14948.0,23,63,1101
14950.0,19,19,371
14951.0,79,20,311
14952.0,59,138,8099
14953.0,25,55,289
14954.0,12,85,336
14957.0,253,12,58
14958.0,147,42,499
14959.0,64,59,695
14960.0,8,27,221
14961.0,10,312,7044
14962.0,270,5,126
14963.0,9,198,1487
14964.0,247,13,206
14965.0,96,83,599
14966.0,14,38,191
14967.0,49,6,463
14968.0,30,37,147
14970.0,68,34,1592
14971.0,35,160,1116
14972.0,128,18,114
14973.0,107,32,1314
14974.0,37,21,114
14975.0,57,11,279
14976.0,57,72,790
14978.0,72,216,1931
14981.0,246,8,102
14984.0,19,41,213
14985.0,198,87,296
14987.0,15,4,326
14988.0,211,40,334
14995.0,38,61,233
14997.0,46,26,546
14998.0,170,75,429
15000.0,47,77,490
15002.0,115,115,1641
15004.0,147,158,1246
15005.0,15,1119,6316
15006.0,51,144,502
15007.0,159,12,156
15009.0,12,182,1261
15010.0,35,20,308
15012.0,53,128,423
15014.0,43,35,260
15016.0,172,20,170
15017.0,33,20,125
15018.0,38,31,496
15019.0,266,70,265
15021.0,8,472,1914
15022.0,11,135,905
15023.0,3,562,6802
15024.0,9,155,1661
15025.0,33,72,377
15026.0,80,61,469
15027.0,30,35,1066
15028.0,8,48,627
15030.0,71,7,518
15031.0,4,111,668
15032.0,256,52,4959
15033.0,4,510,2586
15034.0,15,394,4308
15035.0,89,27,252
15036.0,72,127,465
15038.0,58,130,705
15039.0,9,1502,19914
15041.0,170,67,180
15042.0,199,5,135
15043.0,31,3,537
15044.0,19,453,7700
15045.0,151,12,735
15046.0,9,206,5213
15047.0,269,22,343
15048.0,65,97,384
15049.0,273,3,121
15050.0,25,78,1782
15051.0,23,143,1391
15052.0,319,30,215
15053.0,4,71,697
15054.0,12,114,302
15057.0,275,25,1489
15058.0,25,276,2124
15059.0,40,237,1337
15060.0,8,121,303
15061.0,3,403,54534
15062.0,71,57,987
15063.0,213,5,370
15065.0,37,155,3158
15066.0,53,42,893
15067.0,78,82,1744
15068.0,46,104,553
15069.0,179,70,1109
15070.0,372,1,106
15071.0,93,26,982
15073.0,9,54,1043
15074.0,105,42,748
15075.0,77,27,773
15076.0,172,49,880
15078.0,7,440,9743
15079.0,212,47,895
15081.0,22,33,504
15083.0,256,5,88
15087.0,281,15,306
15088.0,21,57,1160
15089.0,10,145,2420
15090.0,308,23,381
15091.0,67,30,480
15092.0,215,26,457
15093.0,18,108,4597
15095.0,103,47,1370
15096.0,42,11,219
15097.0,4,25,248
15098.0,182,3,39916
15099.0,84,23,410
15100.0,333,3,876
15101.0,8,8,317
15103.0,31,35,703
15104.0,196,69,1027
15105.0,18,101,2298
15106.0,17,100,1422
15107.0,311,17,319
15109.0,245,28,484
15110.0,23,35,996
15111.0,29,84,1567
15113.0,9,100,3609
15114.0,30,197,2760
15115.0,18,21,340
15116.0,17,45,1352
15117.0,14,79,1551
15118.0,134,1,244
15119.0,245,14,266
15120.0,133,21,358
15121.0,50,28,457
15122.0,114,82,1633
15123.0,7,106,2199
15124.0,22,15,184
15125.0,25,127,11528
15127.0,65,16,406
15128.0,60,102,1471
15129.0,50,84,3447
15130.0,169,22,330
15132.0,18,52,977
15133.0,127,29,982
15134.0,14,73,1387
15135.0,239,9,139
15136.0,2,68,1286
15139.0,239,13,178
15140.0,52,80,2354
15142.0,46,26,498
15143.0,225,14,259
15144.0,8,217,6580
15145.0,4,67,1194
15146.0,164,91,1327
15147.0,240,28,623
15148.0,10,20,301
15149.0,133,23,520
15150.0,17,343,5314
15152.0,9,271,4745
15153.0,31,22,329
15154.0,75,85,296
15156.0,1,55,961
15157.0,3,125,1936
15158.0,45,7,401
15159.0,1,710,18641
15160.0,357,4,158
15163.0,18,29,304
15164.0,68,103,843
15165.0,373,27,487
15167.0,320,41,163
15168.0,25,5,106
15171.0,331,5,1289
15172.0,8,110,1624
15174.0,322,11,135
15175.0,71,23,224
15178.0,260,3,40
15179.0,18,93,2206
15180.0,367,6,87
15181.0,66,16,689
15182.0,154,29,622
15184.0,29,63,406
15185.0,70,21,310
15186.0,14,19,411
15187.0,1,91,4777
15189.0,1,212,16225
15192.0,119,51,1044
15193.0,60,19,499
15194.0,3,310,7616
15195.0,2,1,3861
15197.0,10,32,1079
15198.0,92,10,193
15199.0,59,13,1268
15201.0,87,69,1236
15203.0,25,142,1827
15204.0,357,9,316
15205.0,85,37,653
15206.0,10,9,420
15208.0,1,42,870
15210.0,225,20,331
15211.0,60,52,894
15212.0,241,5,101
15213.0,318,24,328
15214.0,1,110,1661
15215.0,46,35,734
15216.0,87,2,96
15218.0,10,166,5756
15219.0,176,9,305
15220.0,51,117,1778
15221.0,366,5,403
15222.0,318,5,585
15223.0,225,20,755
15224.0,358,14,322
15225.0,234,23,409
15226.0,310,8,154
15227.0,36,58,1219
15228.0,66,125,3386
15230.0,239,23,429
15232.0,113,31,612
15234.0,276,14,197
15235.0,217,143,2247
15236.0,298,15,321
15237.0,1,99,1412
15238.0,29,50,1071
15239.0,10,49,780
15240.0,44,78,1706
15241.0,66,110,1756
15243.0,74,22,316
15244.0,65,34,631
15245.0,134,89,2515
15246.0,238,33,514
15247.0,122,6,356
15249.0,31,350,6688
15251.0,9,111,10484
15252.0,36,44,740
15253.0,16,53,918
15254.0,127,18,300
15255.0,66,47,890
15256.0,148,6,98
15257.0,283,7,317
15258.0,168,34,623
15260.0,100,77,1810
15261.0,135,19,254
15262.0,323,10,178
15263.0,106,12,156
15264.0,64,23,393
15265.0,151,82,1506
15266.0,338,6,119
15267.0,22,11,1717
15269.0,23,2,408
15270.0,15,41,2379
15271.0,7,274,2507
15272.0,57,63,721
15274.0,4,47,716
15275.0,37,41,615
15276.0,66,52,135
15277.0,46,12,255
15279.0,354,19,290
15280.0,172,16,113
15281.0,58,139,2332
15286.0,49,3,240
15287.0,22,20,486
15288.0,43,88,2306
15289.0,29,58,939
15290.0,4,204,7943
15291.0,25,103,4668
15292.0,201,25,180
15296.0,50,194,3672
15297.0,10,39,641
15298.0,2,192,4799
15299.0,67,7,4507
15300.0,64,28,496
15301.0,50,243,5070
15303.0,290,31,574
15304.0,60,23,694
15306.0,64,58,1174
15307.0,95,12,205
15308.0,274,19,310
15311.0,0,2379,60767
15312.0,75,47,924
15313.0,110,1,52
15314.0,199,24,327
15315.0,64,37,570
15316.0,326,1,165
15318.0,3,33,312
15319.0,283,16,204
15320.0,44,36,267
15321.0,70,95,2748
15322.0,85,42,679
15325.0,103,49,162
15326.0,333,29,311
15327.0,52,10,208
15329.0,39,57,1049
15330.0,32,13,714
15333.0,208,16,1028
15334.0,156,99,351
15335.0,53,36,173
15339.0,66,86,574
15341.0,80,17,2020
15342.0,129,24,406
15343.0,87,21,364
15344.0,0,26,563
15345.0,45,20,393
15346.0,332,17,252
15347.0,366,5,201
15348.0,72,9,158
15349.0,158,72,473
15350.0,373,5,115
15351.0,12,225,1960
15353.0,254,63,777
15355.0,29,14,277
15356.0,31,519,2766
15358.0,4,551,8347
15360.0,39,13,427
15361.0,361,7,418
15363.0,372,16,326
15364.0,95,29,913
15365.0,25,114,2314
15366.0,75,44,602
15367.0,57,95,1877
15368.0,21,4,446
15370.0,40,94,2386
15372.0,137,27,2007
15373.0,8,132,2415
15374.0,128,3,168
15376.0,40,117,1233
15379.0,169,194,3703
15380.0,8,36,1690
15381.0,213,8,596
15382.0,14,302,5955
15384.0,169,41,642
15385.0,40,12,316
15386.0,186,31,394
15389.0,172,1,500
15392.0,4,84,1535
15393.0,16,12,231
15394.0,9,85,2183
15395.0,325,7,107
15396.0,112,14,288
15397.0,289,6,94
15398.0,16,73,1345
15399.0,1,50,815
15400.0,92,12,716
15402.0,148,42,626
15405.0,189,8,349
15406.0,31,53,510
15407.0,33,153,1056
15408.0,264,34,267
15410.0,84,122,3450
15411.0,26,99,1358
15412.0,171,10,190
15414.0,9,39,774
15415.0,313,48,572
15416.0,64,192,3984
15417.0,85,28,508
15419.0,24,8,135
15421.0,58,53,950
15422.0,323,6,97
15423.0,38,2,43
15424.0,254,17,383
15426.0,19,292,1447
15427.0,33,306,1483
15428.0,15,6,93
15429.0,26,82,397
15432.0,23,10,171
15433.0,213,41,533
15434.0,8,55,1041
15435.0,22,29,149
15436.0,12,329,1122
15437.0,262,45,200
15438.0,131,25,156
15440.0,54,62,383
15442.0,248,2,594
15443.0,1,382,3236
15444.0,9,219,1418
15445.0,264,5,113
15447.0,330,9,155
15448.0,312,28,494
15449.0,26,60,974
15450.0,30,30,429
15452.0,29,58,538
15453.0,1,286,1388
15454.0,362,25,179
15456.0,283,60,447
15457.0,262,58,237
15458.0,25,7,161
15460.0,354,58,216
15462.0,94,11,234
15463.0,29,7,126
15464.0,338,157,1048
15465.0,19,97,7354
15466.0,85,57,334
15467.0,9,52,524
15468.0,51,24,467
15469.0,50,24,538
15471.0,2,77,469
15472.0,113,76,371
15473.0,14,11,1771
15475.0,77,29,454
15478.0,40,46,1441
15482.0,15,98,11054
15483.0,161,88,233
15484.0,1,188,3594
15485.0,30,86,2575
15488.0,92,2,91
15489.0,22,50,1134
15491.0,95,154,3100
15492.0,28,35,659
15493.0,32,297,2001
15494.0,21,125,1299
15497.0,17,15,1262
15498.0,2,512,13316
15500.0,8,68,1131
15502.0,15,213,10384
15503.0,362,70,147
15504.0,81,13,52
15505.0,52,97,3610
15506.0,22,164,979
15507.0,171,46,492
15508.0,189,92,1000
15510.0,330,1,250
15511.0,11,160,909
15512.0,155,7,121
15513.0,33,308,14758
15514.0,12,178,4139
15516.0,44,15,62
15517.0,233,27,267
15518.0,64,214,1942
15520.0,1,18,343
15521.0,40,185,3000
15522.0,32,57,398
15523.0,84,10,412
15524.0,24,1,440
15525.0,2,178,825
15526.0,33,4,148
15527.0,18,163,2429
15528.0,254,26,229
15529.0,22,672,3995
15530.0,21,108,1502
15531.0,8,228,2007
15532.0,25,256,1580
15533.0,19,83,807
15535.0,173,75,536
15537.0,163,24,110
15539.0,7,41,538
15540.0,11,15,213
15541.0,114,29,85
15543.0,288,28,127
15544.0,9,259,3546
15545.0,54,81,292
15547.0,7,702,4954
15549.0,77,115,1693
15550.0,4,61,575
15551.0,36,29,436
15552.0,217,17,90
15553.0,60,56,437
15554.0,277,14,217
15555.0,12,899,4805
15556.0,24,31,279
15557.0,28,20,473
15561.0,11,27,800
15562.0,351,1,134
15563.0,22,113,1400
15565.0,50,8,173
15567.0,18,7,186
15568.0,2,53,758
15569.0,103,31,1375
15570.0,7,323,4165
15571.0,11,57,650
15572.0,4,215,2552
15573.0,31,104,607
15574.0,177,168,702
15576.0,37,45,940
15577.0,151,39,258
15578.0,162,13,127
15579.0,68,51,348
15581.0,120,150,3679
15582.0,24,44,682
15584.0,23,123,725
15585.0,176,31,455
15587.0,50,9,913
15589.0,255,29,478
15592.0,46,24,388
15593.0,70,5,199
15594.0,15,103,1771
15596.0,100,77,1406
15597.0,35,22,324
15598.0,53,14,240
15599.0,26,52,761
15601.0,11,410,6776
15602.0,8,47,1297
15603.0,78,2,48
15604.0,52,17,216
15605.0,36,67,1198
15606.0,61,77,2920
15607.0,336,13,104
15608.0,28,60,1093
15609.0,184,16,298
15610.0,51,6,112
15611.0,9,43,1591
15612.0,36,6,195
15615.0,10,423,10399
15618.0,32,45,776
15619.0,10,3,336
15620.0,56,100,1553
15621.0,4,16,1293
15622.0,43,185,3709
15623.0,141,19,301
15624.0,116,34,588
15625.0,103,64,1534
15626.0,74,49,675
15628.0,4,155,2870
15630.0,45,60,1186
15632.0,15,167,3285
15634.0,17,15,243
15636.0,89,25,724
15637.0,52,15,223
15639.0,134,25,425
15640.0,4,484,12515
15641.0,105,119,1887
15643.0,191,33,664
15644.0,166,238,812
15645.0,18,52,612
15646.0,157,35,447
15648.0,204,25,657
15649.0,336,2,816
15651.0,36,32,646
15652.0,91,21,337
15653.0,92,6,877
15654.0,9,21,922
15655.0,243,34,560
15656.0,45,47,748
15657.0,22,1,30
15658.0,190,48,1024
15659.0,43,11,306
15660.0,25,90,1600
15661.0,317,5,309
15663.0,106,9,138
15664.0,50,17,386
15665.0,168,116,2242
15667.0,39,13,301
15668.0,217,1,76
15669.0,40,33,684
15670.0,296,12,173
15671.0,18,78,2657
15673.0,88,155,2881
15674.0,73,114,2446
15675.0,81,21,323
15676.0,18,202,3435
15677.0,49,33,657
15678.0,52,12,352
15679.0,24,110,781
15680.0,9,78,1333
15681.0,25,53,1426
15683.0,117,10,193
15687.0,8,166,2993
15689.0,119,9,254
15690.0,4,19,239
15691.0,252,2,136
15692.0,28,12,191
15694.0,0,78,6479
15695.0,266,22,409
15696.0,33,171,2736
15699.0,17,18,309
15700.0,172,86,696
15701.0,2,237,1542
15703.0,264,5,211
15704.0,140,117,2293
15705.0,201,6,143
15706.0,63,55,1060
15707.0,35,214,945
15708.0,40,288,3364
15709.0,283,6,133
15712.0,9,53,1072
15713.0,143,19,356
15714.0,11,35,330
15716.0,145,118,1118
15717.0,234,7,150
15719.0,32,937,5045
15720.0,24,128,598
15721.0,11,91,507
15722.0,35,69,2222
15723.0,364,41,203
15724.0,201,11,218
15725.0,15,32,415
15727.0,16,302,5178
15729.0,212,5,85
15730.0,65,70,1120
15732.0,212,14,294
15733.0,282,10,162
15734.0,114,26,1339
15737.0,14,72,1205
15738.0,18,173,4812
15739.0,66,8,449
15740.0,49,9,154
15743.0,16,88,784
15744.0,77,3,34
15745.0,19,62,1094
15746.0,134,28,196
15747.0,12,93,974
15748.0,40,21,149
15749.0,235,10,44534
15750.0,2,293,2465
15752.0,39,411,2637
15753.0,304,1,79
15754.0,51,28,458
15755.0,10,141,2364
15756.0,61,192,532
15757.0,65,45,714
15758.0,24,9,205
15759.0,218,7,253
15762.0,65,37,583
15763.0,31,61,1086
15764.0,88,180,3279
15766.0,64,11,315
15768.0,115,27,621
15769.0,7,130,56252
15773.0,5,10,635
15774.0,68,25,270
15775.0,245,7,104
15776.0,133,18,241
15777.0,241,21,1047
15780.0,183,29,475
15781.0,25,20,345
15782.0,9,43,2614
15783.0,10,14,246
15785.0,32,83,2328
15786.0,46,267,4932
15787.0,26,206,948
15789.0,358,25,351
15790.0,10,35,220
15791.0,43,75,1612
15793.0,14,12,965
15795.0,149,42,610
15796.0,1,133,2711
15797.0,113,8,2207
15799.0,75,98,884
15800.0,107,119,699
15801.0,46,64,1063
15802.0,142,1,451
15803.0,51,8,415
15804.0,0,263,4206
15805.0,23,301,5528
15806.0,46,31,784
15807.0,50,48,903
15808.0,306,208,3734
15809.0,36,35,515
15810.0,78,89,1391
15811.0,22,133,2218
15812.0,107,41,1801
15813.0,207,40,1303
15814.0,16,72,1945
15815.0,63,49,2100
15819.0,49,123,1905
15820.0,319,17,206
15821.0,44,62,570
15822.0,3,33,885
15823.0,372,1,15
15825.0,172,20,532
15826.0,56,68,1654
15827.0,73,115,1836
15829.0,99,51,636
15830.0,37,39,576
15831.0,58,68,801
15832.0,254,54,836
15834.0,70,273,2233
15835.0,44,50,954
15836.0,50,10,137
15837.0,64,24,391
15838.0,11,167,33643
15839.0,33,62,1048
15840.0,58,27,355
15841.0,72,47,1224
15843.0,303,8,118
15844.0,46,11,130
15845.0,17,138,3711
15847.0,38,22,389
15850.0,19,97,238
15852.0,186,22,160
15853.0,51,30,110
15854.0,4,140,2974
15855.0,136,80,712
15856.0,4,645,16387
15857.0,18,14,296
15858.0,15,191,1438
15860.0,40,142,977
15861.0,12,546,3165
15862.0,8,147,832
15863.0,25,18,68
15864.0,22,20,1936
15865.0,40,40,895
15866.0,101,45,230
15867.0,5,461,3812
15869.0,277,15,149
15870.0,32,76,354
15872.0,14,128,360
15874.0,63,120,4405
15877.0,1,129,493
15880.0,369,105,343
15881.0,312,29,501
15882.0,198,23,516
15883.0,2,49,396
15885.0,92,18,379
15886.0,60,12,181
15888.0,80,12,168
15889.0,156,93,446
15891.0,226,62,524
15894.0,253,41,263
15895.0,149,11,179
15897.0,194,24,222
15898.0,1,86,1388
15899.0,368,4,56
15900.0,23,51,351
15901.0,16,116,363
15903.0,9,74,5126
15904.0,8,30,164
15906.0,19,150,1567
15907.0,3,249,967
15909.0,173,7,191
15910.0,0,267,1232
15912.0,178,19,264
15916.0,16,155,1528
15917.0,247,12,123
15918.0,190,40,334
15919.0,19,143,639
15920.0,154,60,167
15921.0,172,25,336
15922.0,373,11,369
15923.0,372,21,127
15925.0,194,12,207
15930.0,67,21,426
15932.0,4,115,2495
15933.0,21,74,1107
15935.0,239,12,416
15937.0,64,7,145
15938.0,112,18,404
15939.0,89,76,6115
15940.0,311,1,35
15942.0,133,14,337
15944.0,276,6,325
15945.0,365,2,181
15947.0,82,29,1708
15948.0,8,60,955
15949.0,16,19,364
15950.0,31,98,1765
15951.0,8,41,708
15952.0,33,91,806
15953.0,15,98,1659
15955.0,24,183,4416
15957.0,31,42,428
15958.0,74,7,104
15963.0,19,28,470
15965.0,17,122,845
15967.0,23,84,418
15969.0,2,20,666
15970.0,303,11,314
15971.0,17,35,4199
15973.0,366,4,307
15974.0,39,176,3442
15975.0,84,24,371
15976.0,165,98,430
15977.0,17,65,1054
15978.0,77,49,1098
15980.0,88,43,2398
15981.0,24,97,3408
15983.0,22,113,1475
15984.0,2,270,2837
15985.0,123,37,1142
15986.0,30,14,168
15987.0,12,140,1451
15988.0,19,27,158
15990.0,44,52,792
15992.0,3,3,41
15993.0,8,552,2797
15994.0,54,35,427
15996.0,88,130,1060
15998.0,36,506,3089
16000.0,2,9,12393
16003.0,29,103,2735
16005.0,12,218,615
16006.0,211,8,101
16007.0,47,385,1701
16008.0,23,33,478
16009.0,22,90,992
16010.0,245,86,407
16011.0,8,212,3362
16012.0,35,94,1415
16013.0,3,139,37130
16014.0,37,145,662
16015.0,3,182,705
16016.0,3,235,1508
16017.0,47,32,211
16018.0,39,28,408
16019.0,46,160,3786
16020.0,16,46,851
16022.0,260,76,628
16023.0,46,101,719
16024.0,12,64,251
16025.0,29,28,439
16026.0,43,32,236
16027.0,91,16,934
16029.0,38,242,81024
16030.0,309,29,331
16031.0,92,100,548
16033.0,5,1137,8816
16034.0,196,22,437
16036.0,87,55,758
16037.0,269,39,855
16038.0,7,26,471
16040.0,65,65,1313
16041.0,30,6,3166
16042.0,22,71,1197
16043.0,37,39,773
16045.0,119,83,1340
16048.0,373,8,256
16049.0,40,312,1111
16050.0,173,10,137
16052.0,54,34,362
16053.0,32,84,1511
16054.0,145,70,783
16055.0,220,8,134
16056.0,45,68,664
16057.0,16,121,2263
16059.0,65,180,1459
16062.0,9,64,1153
16063.0,260,23,335
16065.0,365,74,372
16066.0,16,102,1521
16070.0,22,33,852
16071.0,44,21,326
16072.0,288,23,584
16073.0,297,1,122
16076.0,3,129,2234
16078.0,283,1,79
16079.0,16,21,1352
16080.0,81,10,217
16081.0,56,227,2806
16083.0,100,31,1317
16084.0,299,38,436
16085.0,23,167,981
16086.0,59,39,1121
16091.0,154,18,315
16092.0,114,51,817
16093.0,106,1,17
16094.0,11,63,1078
16096.0,264,12,320
16097.0,240,10,185
16098.0,87,67,2005
16099.0,50,39,731
16101.0,70,76,1290
16102.0,42,57,1842
16103.0,7,48,1429
16104.0,61,29,302
16105.0,248,13,336
16106.0,65,6,108
16107.0,17,31,3204
16108.0,84,48,842
16109.0,218,18,611
16110.0,45,354,1337
16112.0,143,16,195
16113.0,183,30,161
16114.0,170,8,135
16115.0,9,284,1667
16116.0,211,34,612
16117.0,189,30,232
16119.0,8,16,423
16120.0,59,30,1309
16121.0,57,212,867
16122.0,73,38,684
16123.0,51,16,307
16124.0,317,11,249
16125.0,367,13,289
16126.0,29,117,6287
16127.0,39,40,656
16128.0,17,89,1880
16131.0,51,78,3506
16133.0,3,339,14589
16134.0,21,35,618
16135.0,262,21,517
16136.0,59,37,709
16139.0,18,31,635
16140.0,65,35,725
16141.0,88,30,620
16142.0,249,37,535
16143.0,3,117,2424
16144.0,246,1,175
16145.0,8,224,3799
16146.0,157,29,734
16147.0,133,22,374
16148.0,296,1,76
16149.0,4,18,280
16150.0,42,117,2053
16152.0,268,29,1829
16153.0,49,89,1824
16156.0,8,130,3122
16157.0,15,18,656
16159.0,281,14,348
16160.0,65,20,1025
16161.0,1,474,5575
16162.0,252,2,37
16163.0,232,6,856
16164.0,17,34,822
16168.0,10,98,3787
16169.0,8,85,1822
16170.0,50,125,1885
16171.0,59,3,73
16172.0,95,69,1140
16173.0,15,84,1418
16174.0,126,23,1009
16175.0,94,58,1037
16177.0,50,15,331
16178.0,138,8,197
16179.0,60,11,215
16180.0,100,162,10254
16181.0,73,11,305
16182.0,72,28,6617
16183.0,67,15,338
16184.0,64,45,1158
16185.0,16,31,529
16186.0,22,218,4006
16187.0,31,295,6911
16188.0,44,67,981
16189.0,15,11,215
16190.0,40,6,215
16191.0,2,134,5180
16193.0,236,19,314
16198.0,75,15,400
16200.0,4,179,1080
16201.0,3,111,1863
16202.0,360,18,365
16203.0,58,35,592
16204.0,23,57,405
16205.0,30,98,761
16206.0,54,63,537
16207.0,25,19,394
16208.0,44,66,664
16209.0,88,46,2262
16210.0,1,123,21086
16211.0,88,23,547
16212.0,19,41,690
16213.0,78,6,159
16214.0,170,44,1062
16215.0,80,14,242
16216.0,267,37,914
16217.0,235,15,304
16218.0,29,84,3084
16221.0,36,97,864
16222.0,318,137,846
16224.0,57,96,1295
16225.0,44,134,1096
16226.0,203,8,255
16227.0,225,6,314
16229.0,87,47,1010
16230.0,189,35,542
16232.0,43,37,990
16233.0,71,22,536
16235.0,40,46,867
16236.0,78,20,432
16239.0,56,19,414
16240.0,24,135,3718
16241.0,9,662,2607
16242.0,8,294,3603
16243.0,33,51,409
16244.0,211,91,1522
16245.0,23,90,1413
16247.0,170,16,114
16248.0,61,7,152
16249.0,52,69,1800
16250.0,261,24,389
16253.0,66,123,3683
16255.0,16,270,2619
16256.0,266,13,752
16257.0,176,2,46
16258.0,45,135,5203
16260.0,50,18,1035
16261.0,17,124,746
16265.0,9,258,5447
16266.0,73,61,861
16268.0,71,45,667
16270.0,353,54,1141
16271.0,2,133,1429
16272.0,116,25,411
16274.0,373,67,357
16275.0,196,33,559
16276.0,176,6,810
16278.0,100,23,566
16279.0,21,107,1509
16281.0,72,17,2062
16282.0,339,11,168
16283.0,5,166,1570
16284.0,31,109,823
16287.0,169,8,142
16292.0,121,17,302
16293.0,21,118,2248
16295.0,9,79,1328
16297.0,268,20,301
16298.0,22,27,598
16302.0,126,11,233
16303.0,25,162,5360
16305.0,138,22,361
16306.0,213,41,632
16308.0,37,4,2560
16309.0,106,42,706
16311.0,17,37,616
16313.0,3,16,274
16315.0,330,14,226
16316.0,64,151,2938
16317.0,119,69,1341
16318.0,35,19,328
16319.0,217,3,404
16322.0,1,37,326
16323.0,196,1,207
16324.0,128,118,428
16325.0,46,18,594
16326.0,5,319,3110
16327.0,14,319,3844
16330.0,17,39,251
16332.0,28,153,1593
16333.0,7,45,26626
16337.0,36,10,151
16338.0,157,11,214
16339.0,284,20,109
16340.0,107,153,549
16341.0,24,77,1971
16342.0,75,15,322
16343.0,16,47,370
16344.0,158,2,101
16345.0,44,38,575
16347.0,11,92,887
16348.0,32,235,1469
16349.0,290,9,53
16350.0,21,57,1116
16351.0,332,8,153
16352.0,17,28,494
16353.0,3,94,6675
16354.0,63,39,395
16356.0,197,31,211
16357.0,33,34,658
16358.0,1,109,2027
16359.0,7,66,1750
16360.0,4,662,3512
16361.0,9,106,896
16362.0,32,81,734
16363.0,53,5,109
16364.0,11,53,707
16365.0,17,51,1540
16366.0,18,18,327
16367.0,37,130,804
16368.0,2,76,497
16369.0,18,118,1553
16370.0,82,228,1320
16372.0,33,97,367
16374.0,66,111,473
16376.0,8,125,987
16377.0,267,5,676
16378.0,247,23,362
16379.0,4,108,2157
16380.0,61,32,1780
16383.0,74,102,668
16384.0,89,33,584
16385.0,60,59,555
16386.0,28,88,317
16387.0,322,4,94
16389.0,53,34,1382
16392.0,269,45,221
16393.0,2,330,3046
16394.0,56,83,1555
16395.0,60,210,1486
16398.0,154,82,1705
16399.0,19,73,408
16400.0,94,29,303
16401.0,1,186,4098
16402.0,264,60,299
16403.0,312,10,177
16404.0,70,23,443
16405.0,302,5,167
16406.0,18,63,163
16407.0,12,172,2126
16409.0,36,232,2028
16411.0,19,45,214
16412.0,53,35,151
16413.0,56,31,262
16414.0,21,7,126
16415.0,44,54,210
16416.0,26,71,1051
16418.0,44,102,675
16419.0,112,51,972
16422.0,17,369,34684
16423.0,24,18,346
16424.0,191,5,133
16425.0,302,21,302
16426.0,2,372,1908
16427.0,263,9,241
16429.0,106,2,284
16430.0,57,6,300
16431.0,213,83,642
16432.0,64,8,287
16433.0,28,17,184
16434.0,29,109,1522
16438.0,5,132,798
16440.0,7,282,3640
16441.0,67,24,381
16442.0,1,174,616
16444.0,46,84,654
16445.0,33,63,230
16446.0,0,3,168472
16447.0,135,36,259
16448.0,198,20,188
16449.0,197,40,707
16450.0,149,11,311
16451.0,87,14,266
16454.0,44,2,6
16455.0,63,99,1841
16456.0,99,111,2158
16457.0,218,9,208
16458.0,2,202,3482
16460.0,28,135,814
16461.0,177,33,151
16462.0,73,3,136
16463.0,21,82,1422
16464.0,19,236,1314
16466.0,33,148,1603
16468.0,74,2,74
16469.0,23,182,650
16470.0,51,170,762
16471.0,274,13,223
16473.0,164,18,316
16474.0,7,360,1871
16475.0,88,28,544
16477.0,63,146,2494
16478.0,25,17,331
16479.0,10,35,300
16480.0,75,53,769
16482.0,15,18,220
16483.0,192,19,139
16484.0,173,25,404
16485.0,77,42,363
16488.0,33,29,498
16491.0,46,39,731
16493.0,79,56,1351
16494.0,296,50,826
16495.0,3,97,684
16496.0,8,95,1599
16497.0,49,136,2965
16498.0,161,15,100
16499.0,360,19,365
16500.0,4,11,400
16503.0,106,84,1431
16504.0,25,86,484
16505.0,31,4,777
16506.0,19,3,90
16509.0,296,13,363
16510.0,372,13,248
16511.0,21,169,950
16513.0,4,35,874
16515.0,52,113,1627
16516.0,30,6,101
16517.0,277,17,162
16518.0,61,40,484
16519.0,25,13,215
16520.0,186,156,1046
16523.0,1,290,9418
16525.0,2,183,13027
16526.0,171,15,290
16527.0,81,14,228
16528.0,3,17,244
16529.0,190,30,455
16531.0,22,77,1244
16532.0,17,4,6748
16533.0,19,177,1095
16535.0,5,31,593
16536.0,110,55,548
16539.0,2,45,1388
16542.0,53,5,119
16545.0,164,3,339
16546.0,290,25,787
16549.0,10,981,4154
16550.0,108,251,2298
16551.0,95,32,922
16552.0,242,17,379
16553.0,163,84,5719
16554.0,42,52,837
16555.0,35,17,285
16556.0,66,207,3313
16557.0,24,11,281
16558.0,0,460,8338
16560.0,26,57,841
16561.0,5,31,511
16563.0,53,19,1077
16565.0,364,3,173
16566.0,15,18,614
16567.0,194,35,865
16569.0,3,5,124
16570.0,15,126,3738
16571.0,26,87,1421
16572.0,127,57,1009
16573.0,84,42,663
16574.0,71,28,451
16581.0,182,9,105
16582.0,113,6,313
16583.0,373,14,233
16584.0,80,28,936
16586.0,248,8,463
16587.0,232,13,225
16589.0,71,33,459
16591.0,68,10,213
16592.0,4,216,4113
16593.0,50,27,330
16594.0,75,53,181
16595.0,61,85,360
16596.0,15,12,250
16597.0,4,7,90
16598.0,285,10,145
16600.0,4,62,813
16601.0,40,31,244
16602.0,36,29,528
16603.0,74,34,482
16607.0,17,172,3347
16609.0,15,276,5493
16610.0,219,6,75
16611.0,186,10,129
16612.0,32,66,1187
16613.0,70,30,618
16614.0,182,26,506
16616.0,15,33,500
16617.0,235,5,151
16618.0,31,96,2647
16619.0,263,14,226
16620.0,3,9,178
16621.0,51,29,813
16623.0,245,5,129
16624.0,80,48,810
16625.0,274,23,333
16626.0,0,179,4413
16627.0,79,20,322
16628.0,29,117,2188
16629.0,73,64,417
16633.0,17,152,2883
16634.0,222,9,217
16637.0,32,69,1154
16638.0,22,94,1680
16639.0,31,50,1257
16641.0,105,12,231
16642.0,4,34,688
16643.0,245,27,487
16644.0,177,62,833
16647.0,169,14,214
16648.0,42,19,290
16650.0,71,24,518
16652.0,58,118,6773
16653.0,16,69,1212
16654.0,141,29,601
16655.0,17,261,3794
16656.0,22,73,8625
16657.0,9,208,933
16658.0,368,8,123
16659.0,189,2,39
16660.0,16,16,1267
16665.0,362,9,135
16666.0,19,32,118
16667.0,68,53,570
16668.0,15,20,306
16669.0,23,160,1374
16670.0,16,252,4095
16671.0,28,6,1692
16672.0,2,114,8134
16674.0,54,98,319
16676.0,33,89,1592
16678.0,2,163,3109
16679.0,366,3,129
16680.0,43,10,183
16681.0,72,44,1770
16682.0,4,30,1027
16684.0,4,277,66653
16685.0,61,62,324
16686.0,47,585,3062
16688.0,1,62,1260
16689.0,75,13,422
16690.0,72,12,225
16692.0,256,3,1276
16693.0,68,60,482
16696.0,135,10,657
16697.0,241,21,112
16698.0,226,5,1998
16700.0,8,308,5076
16701.0,8,144,5398
16705.0,0,270,14034
16706.0,37,123,531
16708.0,45,27,656
16709.0,84,79,3029
16710.0,19,402,2483
16711.0,3,22,1651
16712.0,9,447,3645
16713.0,18,624,6923
16714.0,218,93,1161
16715.0,78,19,301
16716.0,266,2,901
16717.0,23,199,3858
16718.0,369,45,623
16719.0,14,201,1790
16720.0,26,27,155
16721.0,262,37,292
16722.0,17,225,4730
16723.0,91,43,589
16725.0,302,151,781
16726.0,26,185,1382
16727.0,364,46,272
16728.0,46,269,1054
16729.0,38,660,7239
16730.0,52,82,743
16732.0,31,28,603
16734.0,52,53,650
16735.0,78,125,2300
16737.0,53,1,417
16738.0,297,1,3
16739.0,176,13,323
16742.0,46,1,464
16743.0,29,191,2238
16744.0,11,242,1304
16745.0,86,357,7194
16746.0,4,449,6697
16747.0,37,42,836
16748.0,17,69,1515
16750.0,44,95,623
16751.0,30,25,1764
16752.0,372,9,207
16753.0,58,34,223
16754.0,372,2,2002
16755.0,114,170,1496
16756.0,214,13,239
16757.0,318,7,106
16758.0,65,22,369
16759.0,7,42,789
16761.0,96,13,316
16762.0,19,89,1501
16763.0,198,23,611
16764.0,3,706,2799
16765.0,294,1,34
16766.0,273,34,1145
16767.0,30,222,5580
16768.0,47,54,478
16769.0,260,40,380
16770.0,57,145,770
16771.0,33,255,2246
16773.0,57,26,171
16774.0,67,48,661
16775.0,10,158,1695
16776.0,60,76,388
16777.0,80,50,226
16778.0,74,16,245
16779.0,2,333,10629
16780.0,100,60,425
16781.0,372,17,311
16782.0,10,190,2279
16784.0,19,3,107
16788.0,123,155,597
16789.0,8,5,80
16790.0,3,93,1545
16791.0,29,320,1721
16792.0,282,12,110
16793.0,57,16,243
16794.0,1,285,1222
16795.0,365,66,414
16796.0,89,18,305
16800.0,11,164,1201
16801.0,163,76,1619
16803.0,65,24,332
16804.0,23,60,536
16805.0,173,98,460
16806.0,103,103,801
16807.0,142,67,1121
16808.0,99,23,288
16809.0,23,149,914
16810.0,192,15,309
16811.0,4,28,547
16812.0,360,15,479
16813.0,8,449,1692
16814.0,14,324,6509
16816.0,103,28,417
16817.0,2,86,1604
16818.0,10,189,3349
16820.0,95,26,497
16823.0,227,38,358
16824.0,15,26,460
16825.0,38,28,775
16826.0,51,22,341
16828.0,93,8,128
16829.0,156,11,197
16830.0,38,23,325
16832.0,184,12,199
16833.0,1,47,1106
16834.0,227,24,413
16835.0,128,10,180
16836.0,39,11,251
16837.0,31,165,3170
16838.0,197,25,588
16839.0,8,266,16594
16841.0,36,116,1869
16842.0,100,63,1264
16843.0,42,378,10196
16846.0,50,11,214
16847.0,43,12,193
16848.0,52,14,281
16849.0,186,8,124
16850.0,333,19,332
16851.0,4,20,342
16852.0,10,9,144
16855.0,23,19,328
16856.0,14,2,35
16858.0,368,10,375
16859.0,144,52,747
16861.0,59,6,173
16863.0,31,26,502
16866.0,140,11,207
16869.0,22,128,825
16871.0,22,137,2812
16872.0,77,7,680
16873.0,4,279,7123
16875.0,67,112,2095
16877.0,12,159,853
16878.0,84,3,13
16880.0,30,178,1519
16881.0,66,1,432
16882.0,66,39,705
16883.0,187,38,276
16884.0,37,26,429
16885.0,15,101,471
16887.0,35,37,194
16889.0,194,135,1578
16891.0,1,203,809
16892.0,1,99,525
16893.0,366,45,145
16895.0,64,69,219
16897.0,299,37,289
16898.0,26,162,508
16899.0,7,125,1281
16900.0,16,79,887
16902.0,116,44,1706
16903.0,29,60,373
16904.0,4,710,3754
16905.0,5,208,3102
16906.0,81,93,579
16907.0,29,151,981
16909.0,72,18,379
16910.0,4,547,1510
16912.0,28,101,2575
16913.0,290,8,113
16914.0,36,38,208
16915.0,9,57,621
16916.0,23,143,576
16917.0,276,9,391
16918.0,49,128,1068
16919.0,156,327,2596
16921.0,61,60,169
16923.0,12,672,7247
16924.0,21,83,846
16926.0,371,14,230
16927.0,115,6,543
16928.0,80,209,2847
16929.0,3,77,1295
16930.0,26,54,380
16931.0,5,898,4604
16932.0,53,53,161
16933.0,1,44,563
16934.0,54,62,950
16936.0,25,57,262
16938.0,8,241,2736
16940.0,52,305,3049
16942.0,12,281,1920
16943.0,211,33,816
16945.0,21,249,4345
16947.0,235,21,406
16948.0,138,19,435
16949.0,3,60,1286
16950.0,56,42,1178
16951.0,134,86,1277
16952.0,109,16,167
16953.0,30,1,20
16954.0,0,54,2085
16955.0,184,25,518
16956.0,17,16,308
16957.0,239,16,416
16959.0,87,7,117
16960.0,38,101,507
16961.0,116,14,234
16963.0,187,7,110
16965.0,226,26,201
16966.0,8,28,2154
16967.0,189,21,319
16968.0,4,31,439
16969.0,39,42,650
16971.0,38,41,357
16976.0,267,2,251
16978.0,77,39,344
16979.0,3,89,1852
16980.0,255,87,1078
16982.0,60,22,384
16983.0,12,148,1931
16984.0,88,407,4481
16985.0,17,120,5464
16986.0,29,3,1873
16987.0,3,129,1625
16988.0,5,7,126
16989.0,7,12,1133
16990.0,218,1,179
16992.0,10,93,1614
16996.0,30,37,1456
16997.0,288,12,702
16998.0,149,4,295
16999.0,23,23,484
17001.0,0,169,3989
17002.0,85,49,1493
17004.0,46,44,1412
17006.0,4,44,781
17007.0,50,52,889
17010.0,18,11,195
17011.0,30,15,270
17014.0,8,74,586
17015.0,28,217,1842
17017.0,2,252,8694
17018.0,40,16,920
17019.0,11,234,1272
17022.0,31,7,71
17024.0,45,3,95
17025.0,60,9,357
17026.0,185,4,154
17027.0,78,153,890
17029.0,110,2,716
17030.0,63,11,146
17031.0,11,22,380
17033.0,86,28,1030
17034.0,16,30,745
17035.0,245,28,433
17037.0,87,75,1267
17038.0,30,22,112
17040.0,137,15,449
17041.0,26,70,1081
17042.0,2,98,1044
17043.0,32,102,1735
17044.0,25,6,948
17045.0,113,22,339
17046.0,157,22,642
17047.0,85,65,1100
17048.0,117,43,925
17049.0,2,318,5659
17050.0,96,316,3228
17051.0,194,43,247
17052.0,28,92,413
17053.0,130,13,498
17054.0,28,83,1356
17058.0,81,62,1179
17059.0,29,516,3095
17060.0,266,5,234
17061.0,73,99,5232
17062.0,313,70,538
17063.0,21,78,1461
17064.0,58,62,859
17068.0,12,296,4552
17069.0,28,143,2709
17070.0,114,64,312
17071.0,28,140,2429
17073.0,17,174,1446
17075.0,17,77,834
17076.0,36,25,841
17078.0,36,28,378
17079.0,78,2,118
17080.0,22,8,287
17081.0,25,64,290
17082.0,33,81,2003
17083.0,109,52,1405
17084.0,35,162,2949
17085.0,123,187,1566
17086.0,7,96,2050
17088.0,28,115,1991
17090.0,4,63,2043
17091.0,2,195,3827
17092.0,50,125,1777
17094.0,322,14,301
17095.0,22,74,1324
17096.0,15,48,1022
17100.0,18,65,971
17101.0,10,42,1621
17102.0,261,1,25
17105.0,159,90,665
17107.0,33,418,10815
17109.0,29,117,885
17110.0,165,12,163
17111.0,47,30,248
17114.0,5,127,808
17115.0,8,39,837
17117.0,288,9,116
17118.0,317,10,157
17119.0,3,35,606
17120.0,233,18,307
17122.0,119,7,138
17123.0,161,9,345
17124.0,185,32,298
17125.0,50,40,259
17126.0,152,260,1004
17128.0,334,14,157
17131.0,5,134,2463
17133.0,15,27,4892
17134.0,106,24,425
17135.0,16,52,1139
17138.0,275,24,380
17139.0,15,478,10668
17140.0,247,20,465
17142.0,239,15,578
17144.0,1,48,984
17146.0,105,35,749
17147.0,22,81,1714
17148.0,51,9,124
17152.0,194,14,1689
17153.0,24,14,213
17154.0,75,23,329
17155.0,17,20,251
17157.0,7,13,319
17158.0,32,67,1266
17159.0,21,101,1538
17160.0,31,229,3518
17162.0,28,104,1715
17163.0,21,5,293
17164.0,32,144,2467
17165.0,284,10,158
17166.0,38,12,206
17169.0,57,54,835
17171.0,289,16,224
17172.0,78,15,317
17173.0,5,86,3766
17174.0,217,4,59
17175.0,44,63,1443
17176.0,201,15,306
17179.0,178,80,711
17180.0,56,128,796
17181.0,57,23,239
17183.0,7,73,3347
17186.0,46,2,144
17187.0,226,10,203
17188.0,11,84,2474
17189.0,106,61,384
17190.0,58,19,444
17191.0,28,237,2095
17193.0,35,32,1699
17194.0,273,29,262
17197.0,29,29,1013
17198.0,23,96,692
17201.0,53,40,342
17203.0,35,152,3563
17204.0,175,57,1564
17205.0,53,13,384
17206.0,53,7,204
17211.0,26,211,2317
17212.0,253,4,226
17213.0,40,157,2781
17214.0,60,103,1069
17217.0,234,9,113
17218.0,4,274,1960
17219.0,31,25,114
17220.0,24,472,3198
17221.0,7,63,335
17222.0,65,28,354
17223.0,310,49,426
17226.0,308,21,393
17227.0,18,47,939
17228.0,15,208,1906
17229.0,96,47,318
17230.0,264,69,3638
17231.0,12,541,3174
17232.0,2,36,421
17233.0,35,25,190
17234.0,182,14,149
17235.0,25,29,550
17236.0,12,105,916
17237.0,11,19,314
17238.0,2,566,3744
17239.0,312,15,382
17242.0,108,40,1135
17243.0,1,400,8676
17244.0,53,31,954
17245.0,204,9,171
17247.0,15,55,282
17248.0,120,69,318
17250.0,3,57,384
17251.0,362,39,283
17252.0,116,87,353
17253.0,18,18,178
17254.0,4,112,272
17255.0,40,78,298
17256.0,107,16,240
17259.0,148,124,603
17262.0,52,12,1253
17263.0,208,23,63
17265.0,138,127,562
17266.0,2,80,310
17267.0,127,38,317
17268.0,107,6,763
17272.0,42,114,2148
17274.0,35,27,111
17277.0,227,69,1065
17278.0,241,15,246
17279.0,57,9,187
17282.0,130,94,1703
17284.0,60,292,1652
17286.0,21,45,153
17287.0,26,124,1064
17288.0,9,142,1419
17289.0,31,111,944
17290.0,3,102,525
17291.0,308,1,550
17293.0,8,135,1875
17295.0,28,69,556
17297.0,17,51,131
17298.0,101,30,498
17299.0,11,57,669
17301.0,21,66,197
17302.0,14,79,1135
17303.0,361,53,250
17306.0,10,66,8631
17309.0,95,12,82
17311.0,78,55,1384
17312.0,138,14,644
17313.0,31,24,2328
17314.0,24,131,2527
17315.0,1,473,6292
17317.0,46,9,2600
17320.0,100,73,1200
17321.0,8,107,700
17323.0,15,200,921
17324.0,17,50,990
17325.0,280,6,96
17329.0,14,33,523
17330.0,22,6,363
17331.0,123,1,175
17333.0,85,28,494
17334.0,302,11,307
17337.0,151,543,2027
17338.0,17,753,6643
17339.0,94,9,243
17340.0,29,407,12353
17341.0,156,183,781
17343.0,355,17,193
17344.0,46,32,160
17345.0,15,87,537
17346.0,3,500,2676
17347.0,86,1,228
17348.0,14,215,1159
17349.0,179,9,110
17350.0,8,71,1286
17351.0,36,27,587
17353.0,129,8,1740
17354.0,50,16,1393
17356.0,311,19,178
17357.0,24,45,388
17358.0,303,59,365
17359.0,11,15,127
17360.0,17,132,585
17361.0,49,29,488
17362.0,239,35,312
17364.0,0,411,4481
17365.0,12,468,4801
17367.0,238,34,168
17368.0,23,111,1912
17370.0,72,33,446
17371.0,17,87,423
17372.0,40,253,1342
17373.0,40,57,646
17374.0,218,28,495
17375.0,199,69,400
17376.0,70,24,203
17377.0,23,418,4100
17379.0,11,83,404
17381.0,8,109,20275
17382.0,65,2,65
17383.0,4,51,199
17384.0,19,15,336
17385.0,14,47,261
17386.0,7,28,2686
17387.0,19,78,784
17388.0,77,15,1259
17389.0,0,213,31833
17391.0,163,3,508
17392.0,306,62,457
17394.0,219,4,203
17396.0,39,27,7330
17397.0,22,92,696
17398.0,114,38,653
17400.0,126,213,2129
17402.0,4,59,2633
17403.0,36,33,281
17405.0,1,82,1031
17406.0,333,113,2200
17408.0,163,2,32
17409.0,184,13,771
17410.0,16,64,1214
17411.0,12,41,778
17412.0,2,66,1258
17414.0,43,6,778
17415.0,79,14,507
17416.0,29,269,6893
17418.0,42,30,463
17419.0,11,206,4226
17420.0,50,30,598
17422.0,16,117,1979
17423.0,46,26,698
17425.0,19,43,759
17426.0,8,271,5037
17427.0,71,2,100
17428.0,0,328,17256
17429.0,128,39,524
17430.0,32,14,265
17431.0,313,43,403
17432.0,18,48,365
17433.0,88,54,303
17434.0,2,134,2373
17436.0,1,9,216
17438.0,253,17,388
17440.0,156,5,186
17442.0,36,135,2248
17446.0,176,9,120
17447.0,40,36,541
17449.0,2,277,2520
17450.0,8,337,194550
17451.0,1,100,1721
17453.0,17,19,486
17454.0,192,61,517
17455.0,203,8,131
17456.0,365,17,249
17457.0,126,19,1737
17458.0,15,54,316
17459.0,43,111,657
17460.0,94,29,622
17461.0,22,111,757
17462.0,60,27,675
17463.0,16,215,1896
17464.0,158,9,289
17466.0,10,41,763
17468.0,10,5,137
17469.0,16,88,1870
17470.0,44,78,1125
17472.0,191,181,710
17475.0,79,14,194
17480.0,77,29,511
17481.0,3,82,1255
17483.0,65,21,414
17486.0,261,24,396
17489.0,58,29,376
17490.0,0,76,2092
17491.0,1,109,3558
17492.0,248,12,374
17495.0,7,27,497
17496.0,358,10,271
17498.0,75,17,272
17499.0,289,40,622
17500.0,17,5,1138
17501.0,220,18,288
17502.0,9,28,689
17503.0,2,38,558
17504.0,206,127,2997
17505.0,161,52,1145
17506.0,75,14,302
17507.0,261,88,605
17509.0,57,366,6115
17510.0,24,20,308
17511.0,2,963,91062
17512.0,28,105,2924
17513.0,72,6,513
17514.0,128,40,208
17515.0,31,87,639
17516.0,15,137,768
17517.0,308,11,153
17519.0,17,82,1844
17520.0,53,30,546
17521.0,29,45,723
17522.0,1,73,1070
17523.0,11,33,652
17524.0,361,6,145
17525.0,359,9,422
17526.0,4,19,1195
17527.0,53,47,939
17528.0,1,253,3628
17530.0,1,394,2385
17531.0,190,14,296
17534.0,53,9,223
17535.0,280,13,164
17536.0,177,3,76
17537.0,29,75,897
17538.0,25,9,98
17540.0,24,25,578
17542.0,269,25,170
17545.0,43,145,645
17548.0,233,5,103
17549.0,23,6,148
17550.0,197,42,267
17551.0,359,43,306
17552.0,60,49,930
17553.0,129,2,1487
17554.0,1,88,1952
17555.0,19,106,483
17556.0,205,6,157
17557.0,14,34,541
17560.0,94,27,854
17561.0,19,46,167
17562.0,14,63,1122
17564.0,24,49,454
17566.0,8,152,901
17567.0,7,165,4331
17569.0,332,29,344
17571.0,50,299,1498
17572.0,71,12,226
17573.0,29,25,380
17574.0,242,8,185
17576.0,8,411,3622
17578.0,218,5,143
17579.0,4,50,448
17580.0,252,45,215
17581.0,0,440,11045
17582.0,236,29,175
17584.0,7,35,1242
17585.0,109,214,1133
17588.0,100,23,1240
17589.0,60,253,2404
17590.0,2,201,1479
17591.0,73,166,2225
17593.0,3,213,3927
17594.0,85,50,993
17595.0,12,83,388
17596.0,23,270,2827
17597.0,213,55,2044
17600.0,17,13,161
17601.0,239,9,116
17602.0,2,560,5102
17603.0,78,11,394
17604.0,217,63,309
17608.0,33,59,193
17609.0,40,237,1112
17611.0,7,576,3984
17612.0,53,135,2048
17613.0,22,312,4559
17614.0,57,100,390
17615.0,130,14,329
17616.0,173,3,571
17618.0,5,78,971
17619.0,312,77,218
17620.0,59,4,81
17621.0,21,26,1379
17623.0,32,33,527
17624.0,14,50,843
17625.0,18,315,2047
17628.0,81,5,75
17629.0,5,123,1814
17630.0,169,26,503
17631.0,1,39,528
17633.0,31,70,1324
17634.0,36,297,2361
17636.0,19,20,285
17637.0,31,35,547
17639.0,276,7,108
17640.0,86,5,621
17642.0,119,40,712
17643.0,373,8,101
17644.0,1,157,2895
17646.0,219,51,1008
17647.0,65,7,133
17648.0,60,91,1797
17649.0,138,52,868
17650.0,21,8,166
17651.0,11,232,3945
17652.0,25,259,4867
17653.0,36,44,1207
17654.0,277,22,117
17655.0,10,91,2638
17656.0,73,82,1674
17658.0,25,19,595
17659.0,17,158,2999
17660.0,141,45,196
17663.0,25,86,1802
17664.0,18,43,604
17666.0,3,18,728
17667.0,66,117,2055
17668.0,1,15,347
17669.0,42,68,3406
17670.0,227,11,205
17671.0,15,53,1572
17672.0,50,110,3178
17673.0,1,227,1629
17674.0,74,27,551
17675.0,1,705,20374
17676.0,4,78,1387
17677.0,1,304,16363
17678.0,263,16,298
17679.0,52,30,1992
17680.0,23,11,184
17682.0,10,118,2474
17684.0,43,15,239
17685.0,16,130,3191
17686.0,7,286,5739
17690.0,30,256,4757
17691.0,358,19,290
17692.0,127,46,740
17693.0,137,16,200
17694.0,141,15,283
17695.0,131,35,765
17696.0,38,115,2285
17697.0,236,19,338
17698.0,260,8,154
17700.0,16,142,2534
17701.0,252,24,417
17702.0,30,74,1824
17703.0,35,55,798
17704.0,168,31,885
17705.0,3,103,1823
17706.0,4,382,10504
17707.0,185,5,152
17708.0,187,35,267
17709.0,169,7,137
17711.0,10,23,385
17712.0,44,29,522
17714.0,320,10,153
17715.0,200,1,326
17716.0,22,245,5655
17718.0,232,6,139
17719.0,37,274,5396
17720.0,26,50,1195
17722.0,96,115,2424
17723.0,127,10,3276
17724.0,71,40,1033
17725.0,16,192,3439
17727.0,15,66,1060
17728.0,3,165,2876
17730.0,3,218,5298
17731.0,79,67,1240
17732.0,372,18,303
17733.0,38,35,692
17734.0,53,43,700
17735.0,2,690,13110
17736.0,9,25,377
17737.0,9,10,168
17738.0,19,97,1879
17739.0,11,47,2791
17742.0,113,15,355
17744.0,3,136,2322
17746.0,240,6,110
17747.0,112,1,71
17749.0,178,35,674
17750.0,5,193,1797
17752.0,359,1,80
17754.0,0,92,1772
17757.0,1,741,5605
17758.0,19,412,3456
17759.0,17,95,834
17760.0,21,25,287
17761.0,32,19,712
17763.0,263,1,15
17764.0,50,75,818
17765.0,158,57,371
17767.0,15,21,271
17768.0,8,105,2273
17769.0,12,310,3997
17770.0,198,38,1143
17771.0,56,54,245
17772.0,10,53,182
17774.0,96,156,1225
17775.0,254,3,56
17777.0,24,194,665
17779.0,21,82,658
17781.0,159,12,188
17783.0,72,67,283
17785.0,53,13,131
17786.0,85,72,278
17787.0,152,134,1865
17788.0,73,5,1117
17789.0,281,14,225
17790.0,26,190,1965
17791.0,29,10,106
17793.0,25,58,323
17795.0,179,46,350
17796.0,40,82,697
17797.0,22,111,780
17799.0,22,408,3055
17800.0,37,104,1199
17802.0,82,140,1285
17805.0,73,10,512
17806.0,11,43,546
17809.0,16,61,5411
17811.0,4,851,7837
17812.0,12,141,732
17813.0,14,371,1770
17816.0,36,17,36
17817.0,4,33,387
17819.0,71,48,3704
17824.0,51,13,298
17827.0,5,220,1995
17830.0,1,23,398
17831.0,33,2,35
17832.0,49,61,155
17835.0,2,61,350
17836.0,47,24,110
17837.0,42,169,1593
17838.0,26,121,2779
17839.0,42,56,338
17841.0,1,7847,40991
17843.0,303,37,205
17846.0,85,1,2033
17848.0,81,51,901
17849.0,218,26,605
17850.0,372,297,5391
17852.0,11,24,114
17854.0,185,15,311
17855.0,372,17,208
17856.0,1,15,1418
17857.0,4,54,26879
17858.0,5,199,5155
17859.0,304,25,148
17860.0,368,58,252
17861.0,3,222,2100
17862.0,323,11,330
17863.0,59,148,3160
17864.0,12,102,597
17865.0,30,370,10526
17866.0,142,9,329
17867.0,30,79,1197
17869.0,107,40,428
17870.0,2,279,1894
17871.0,204,10,155
17873.0,80,44,1859
17874.0,185,46,683
17877.0,170,12,237
17878.0,43,26,379
17879.0,173,6,178
17880.0,364,26,458
17881.0,304,8,133
17883.0,3,145,671
17884.0,3,117,717
17885.0,12,64,190
17886.0,31,109,899
17887.0,129,10,111
17888.0,21,67,726
17889.0,212,21,203
17890.0,322,94,602
17891.0,162,34,203
17892.0,56,28,244
17893.0,225,16,112
17894.0,71,193,1119
17895.0,44,16,98
17896.0,23,2,256
17897.0,172,114,566
17898.0,85,28,152
17899.0,159,32,155
17900.0,190,6,112
17901.0,29,19,110
17904.0,21,38,191
17905.0,71,34,800
17906.0,247,12,72
17908.0,373,58,243
17911.0,9,39,366
17912.0,310,38,311
17913.0,58,59,411
17914.0,3,80,336
17917.0,45,94,341
17919.0,88,23,1304
17920.0,4,696,4204
17921.0,64,145,826
17923.0,282,1,207
17924.0,11,31,2962
17925.0,372,1,244
17926.0,133,21,397
17928.0,45,23,212
17929.0,11,5,843
17930.0,35,39,1740
17931.0,134,65,408
17932.0,29,90,1331
17934.0,51,21,704
17935.0,138,29,145
17936.0,5,77,389
17937.0,8,43,4301
17939.0,159,12,99
17940.0,49,19,4106
17941.0,130,2,304
17942.0,7,2,77
17946.0,233,20,149
17947.0,37,9,176
17948.0,147,1,358
17949.0,1,70,58510
17950.0,72,71,482
17951.0,39,20,1008
17954.0,5,485,2332
17955.0,198,19,557
17956.0,249,1,12
17957.0,66,31,111
17958.0,116,7,508
17960.0,171,26,73
17961.0,21,249,1296
17962.0,142,35,102
17964.0,31,104,471
17965.0,37,329,2622
17966.0,37,68,1098
17967.0,371,48,123
17968.0,373,85,277
17969.0,166,14,228
17970.0,211,31,582
17972.0,241,31,136
17973.0,51,15,337
17974.0,24,179,740
17975.0,15,296,4488
17976.0,372,65,353
17977.0,29,21,288
17978.0,365,12,300
17979.0,35,146,757
17980.0,165,30,811
17984.0,145,48,152
17985.0,22,23,634
17986.0,56,1,20
17987.0,185,13,198
17988.0,11,38,201
17990.0,236,29,630
17991.0,225,5,93
17994.0,121,81,678
17995.0,281,2,76
17997.0,74,166,1970
17999.0,37,93,382
18001.0,12,58,417
18004.0,362,40,169
18005.0,3,60,249
18006.0,23,22,444
18008.0,70,30,2116
18009.0,235,32,257
18010.0,256,14,174
18011.0,373,28,102
18013.0,155,31,187
18014.0,28,32,166
18015.0,4,46,120
18016.0,32,123,1483
18017.0,81,3,523
18018.0,108,29,122
18019.0,51,5,38
18022.0,35,191,668
18024.0,152,21,389
18027.0,98,21,115
18030.0,4,9,230
18032.0,334,5,73
18033.0,65,34,97
18034.0,21,112,422
18035.0,35,53,730
18036.0,32,96,405
18037.0,154,19,70
18040.0,19,19,357
18041.0,11,472,4183
18042.0,53,7,165
18043.0,24,121,559
18044.0,4,127,2088
18045.0,45,47,189
18048.0,203,7,172
18050.0,359,5,74
18053.0,70,20,300
18055.0,7,360,6784
18056.0,288,19,363
18058.0,9,3,170
18059.0,23,19,306
18061.0,21,46,2119
18062.0,173,27,720
18064.0,133,7,814
18065.0,5,137,2392
18066.0,75,10,318
18067.0,40,37,396
18068.0,289,1,101
18069.0,26,470,2036
18071.0,257,25,453
18072.0,185,18,247
18073.0,114,73,3877
18074.0,373,13,489
18075.0,23,142,2611
18077.0,8,227,2633
18078.0,217,29,336
18079.0,45,127,3651
18080.0,18,2,1231
18081.0,36,17,343
18082.0,25,73,703
18084.0,16,1,90
18085.0,330,29,689
18086.0,274,7,101
18087.0,98,2,4055
18088.0,61,39,167
18092.0,2,89,9068
18093.0,93,36,2106
18094.0,81,70,3017
18095.0,312,21,580
18096.0,11,213,911
18097.0,7,108,2697
18099.0,127,19,168
18101.0,11,41,223
18102.0,0,431,259657
18104.0,37,38,754
18105.0,37,18,113
18106.0,329,39,430
18108.0,254,17,271
18109.0,1,444,8052
18110.0,19,46,236
18112.0,12,26,352
18113.0,368,1,76
18114.0,290,28,220
18116.0,67,378,1418
18117.0,25,74,320
18118.0,10,1279,5653
18119.0,367,30,181
18120.0,214,17,111
18121.0,149,32,673
18122.0,8,364,1826
18123.0,24,36,589
18125.0,29,196,1142
18126.0,60,56,206
18127.0,19,47,348
18129.0,243,14,112
18130.0,15,70,1059
18133.0,212,1,931
18135.0,29,20,681
18136.0,63,38,784
18138.0,295,8,152
18139.0,17,159,8438
18142.0,157,15,1019
18143.0,116,61,1000
18144.0,7,43,2888
18145.0,12,221,2861
18146.0,140,10,160
18147.0,45,7,179
18149.0,50,16,612
18150.0,32,37,566
18151.0,134,38,653
18154.0,3,21,399
18155.0,75,25,371
18156.0,12,140,734
18158.0,9,34,453
18159.0,301,23,530
18160.0,57,39,638
18161.0,15,80,1618
18164.0,37,24,399
18165.0,177,10,302
18167.0,23,37,1384
18168.0,176,131,1169
18169.0,60,9,202
18170.0,33,38,980
18171.0,58,54,1231
18172.0,14,189,7561
18173.0,86,31,2106
18174.0,7,1,104
18176.0,358,30,476
18177.0,31,74,1341
18178.0,128,97,1590
18179.0,9,90,1793
18180.0,4,119,1843
18181.0,24,44,382
18183.0,227,37,632
18184.0,15,1,49
18185.0,249,17,304
18188.0,15,71,2001
18189.0,77,68,1090
18190.0,192,15,284
18191.0,261,7,207
18192.0,71,45,957
18193.0,165,16,243
18194.0,82,7,973
18196.0,95,141,689
18198.0,4,159,5425
18200.0,106,32,163
18202.0,199,68,1396
18203.0,157,19,160
18204.0,71,200,1993
18205.0,36,32,517
18209.0,28,8,139
18210.0,1,134,2621
18211.0,25,42,600
18212.0,326,43,248
18213.0,236,15,232
18215.0,89,13,299
18216.0,31,26,481
18217.0,29,31,621
18218.0,211,21,662
18219.0,2,114,2069
18220.0,226,2,305
18221.0,22,64,1041
18222.0,92,19,443
18223.0,4,272,6484
18224.0,263,10,158
18225.0,3,271,5509
18226.0,44,242,5228
18227.0,217,5,93
18228.0,56,30,779
18229.0,11,164,7276
18230.0,9,86,2810
18231.0,192,124,2083
18232.0,81,37,592
18233.0,325,1,440
18235.0,71,104,1796
18236.0,29,49,882
18237.0,2,61,987
18239.0,218,88,1561
18240.0,46,6,422
18241.0,9,104,2073
18242.0,72,78,2232
18245.0,7,175,2567
18246.0,23,4,596
18248.0,122,47,804
18249.0,17,8,95
18250.0,310,21,349
18251.0,87,16,4314
18252.0,50,98,526
18255.0,89,6,103
18257.0,39,118,2337
18259.0,24,42,2338
18260.0,172,134,2643
18261.0,43,21,324
18262.0,140,13,149
18263.0,25,61,1213
18265.0,72,46,801
18268.0,134,1,25
18269.0,366,7,168
18270.0,38,11,283
18272.0,2,166,3078
18273.0,2,3,204
18274.0,30,11,175
18276.0,43,14,335
18277.0,58,8,110
18278.0,73,9,173
18280.0,277,10,180
18281.0,180,7,80
18282.0,7,12,178
18283.0,3,756,2094
18287.0,42,70,1837
